time [s],wave [m],stroke [m],stroke speed [m/s],angle [deg],angular_speed [deg/s],F_PTO [N],Energy [J]
0.0,0.0,0.0,0.0,0.0,0.0,0.0,0.0
0.1,-0.001,0.0,0.0,0.0,0.0,0.0,0.0
0.2,-0.002,0.0,0.0,-0.0,-0.0,0.0,0.0
0.3,-0.003,0.0,0.0,-0.0,-0.0,0.0,0.0
0.4,-0.003,0.0,0.0,-0.0,-0.001,0.0,0.0
0.5,-0.002,0.0,0.0,-0.0,-0.001,0.0,0.0
0.6,-0.002,0.0,0.0,-0.0,-0.001,0.0,0.0
0.7,-0.0,0.0,0.0,-0.0,-0.001,0.0,0.0
0.8,0.001,0.0,0.0,-0.001,-0.001,0.0,0.0
0.9,0.003,0.0,0.0,-0.001,-0.001,0.0,0.0
1.0,0.005,0.0,0.0,-0.001,-0.001,0.0,0.0
1.1,0.006,0.0,0.0,-0.001,-0.0,0.0,0.0
1.2,0.007,0.0,0.0,-0.001,0.0,0.0,0.0
1.3,0.007,0.0,0.0,-0.001,0.001,0.0,0.0
1.4,0.007,0.0,0.0,-0.001,0.001,0.0,0.0
1.5,0.007,0.0,0.0,-0.001,0.001,0.0,0.0
1.6,0.006,0.0,0.0,-0.0,0.001,0.0,0.0
1.7,0.004,0.0,0.0,-0.0,0.001,0.0,0.0
1.8,0.002,0.0,0.0,-0.0,0.001,0.0,0.0
1.9,0.001,0.0,0.0,-0.0,0.0,0.0,0.0
2.0,-0.001,0.0,0.0,-0.0,-0.001,0.0,0.0
2.1,-0.002,0.0,0.0,-0.0,-0.001,0.0,0.0
2.2,-0.003,0.0,0.0,-0.001,-0.002,0.0,0.0
2.3,-0.003,0.0,0.0,-0.001,-0.002,0.0,0.0
2.4,-0.003,0.0,0.0,-0.001,-0.003,0.0,0.0
2.5,-0.002,0.0,0.0,-0.001,-0.003,0.0,0.0
2.6,-0.001,0.0,0.0,-0.002,-0.003,0.0,0.0
2.7,0.0,0.0,0.0,-0.002,-0.003,0.0,0.0
2.8,0.002,0.0,0.0,-0.002,-0.003,0.0,0.0
2.9,0.004,0.0,0.0,-0.003,-0.003,0.0,0.0
3.0,0.005,0.0,0.0,-0.003,-0.002,0.0,0.0
3.1,0.006,0.0,0.0,-0.003,-0.001,0.0,0.0
3.2,0.007,0.0,0.0,-0.003,-0.001,0.0,0.0
3.3,0.008,0.0,0.0,-0.003,0.0,0.0,0.0
3.4,0.008,0.0,0.0,-0.003,0.001,0.0,0.0
3.5,0.008,0.0,0.0,-0.003,0.002,0.0,0.0
3.6,0.007,0.0,0.0,-0.003,0.002,0.0,0.0
3.7,0.007,0.0,0.0,-0.002,0.003,0.0,0.0
3.8,0.006,0.0,0.0,-0.002,0.004,0.0,0.0
3.9,0.006,0.0,0.0,-0.002,0.004,0.0,0.0
4.0,0.007,0.0,0.0,-0.001,0.004,0.0,0.0
4.1,0.008,0.0,0.0,-0.001,0.004,0.0,0.0
4.2,0.011,0.0,0.0,-0.0,0.005,0.0,0.0
4.3,0.014,0.0,0.0,-0.0,0.005,0.0,0.0
4.4,0.019,0.0,0.0,0.0,0.005,0.0,0.0
4.5,0.025,0.0,0.0,0.001,0.005,0.0,0.0
4.6,0.031,0.0,0.0,0.001,0.005,0.0,0.0
4.7,0.039,0.0,0.0,0.002,0.006,0.0,0.0
4.8,0.047,0.0,0.003,0.003,0.006,0.0,0.0
4.9,0.055,0.001,0.013,0.003,0.007,1861.934,0.0
5.0,0.064,0.002,0.016,0.004,0.008,4927.462,202.886
5.1,0.073,0.006,0.049,0.005,0.008,4425.906,299.264
5.2,0.081,0.008,0.006,0.006,0.009,14462.714,275.162
5.3,0.089,0.01,0.024,0.007,0.01,16499.967,260.36
5.4,0.098,0.011,0.015,0.008,0.011,22353.118,265.601
5.5,0.105,0.013,0.016,0.009,0.011,27131.515,280.845
5.6,0.113,0.014,0.017,0.01,0.011,32158.733,287.439
5.7,0.121,0.015,0.018,0.011,0.011,37457.132,279.64
5.8,0.128,0.017,0.019,0.012,0.011,43019.314,256.025
5.9,0.136,0.019,0.02,0.013,0.01,48832.412,247.397
6.0,0.145,0.02,0.007,0.014,0.009,56842.439,245.811
6.1,0.154,0.022,0.019,0.015,0.007,61759.046,234.304
6.2,0.163,0.023,0.021,0.016,0.005,68126.067,224.846
6.3,0.173,0.025,0.008,0.016,0.003,76814.992,218.187
6.4,0.183,0.026,0.021,0.016,0.001,82022.549,215.331
6.5,0.193,0.028,0.019,0.016,-0.001,89566.234,210.75
6.6,0.203,0.03,0.024,0.016,-0.003,96430.271,208.915
6.7,0.213,0.031,0.025,0.016,-0.005,104002.239,208.915
6.8,0.222,0.033,0.021,0.015,-0.007,112428.174,208.211
6.9,0.23,0.035,0.008,0.014,-0.009,122265.988,207.631
7.0,0.236,0.037,0.016,0.013,-0.01,129298.351,207.633
7.1,0.24,0.038,0.028,0.012,-0.011,136023.044,207.633
7.2,0.243,0.04,0.008,0.011,-0.012,147123.197,207.633
7.3,0.243,0.042,0.017,0.01,-0.013,154299.547,207.633
7.4,0.241,0.044,0.029,0.008,-0.013,161263.323,207.633
7.5,0.238,0.045,0.008,0.007,-0.012,172502.328,207.633
7.6,0.232,0.047,0.017,0.006,-0.012,179681.703,207.633
7.7,0.226,0.049,0.028,0.005,-0.012,186574.427,207.633
7.8,0.218,0.051,0.008,0.004,-0.011,197509.755,207.642
7.9,0.209,0.053,0.016,0.003,-0.011,204493.629,207.652
8.0,0.201,0.054,0.015,0.001,-0.011,212470.879,205.744
8.1,0.192,0.056,0.014,0.0,-0.012,220225.578,203.61
8.2,0.184,0.058,0.008,-0.001,-0.013,228440.793,201.025
8.3,0.176,0.059,0.021,-0.002,-0.013,233707.766,199.53
8.4,0.169,0.061,0.019,-0.004,-0.014,240734.812,198.297
8.5,0.162,0.062,0.02,-0.005,-0.014,246799.973,174.203
8.6,0.156,0.064,0.019,-0.007,-0.015,252655.189,169.129
8.7,0.15,0.065,0.018,-0.008,-0.014,258292.658,158.484
8.8,0.143,0.067,0.016,-0.009,-0.014,263535.065,137.179
8.9,0.137,0.068,0.014,-0.011,-0.013,268341.03,146.936
9.0,0.129,0.069,0.005,-0.012,-0.011,273658.678,126.287
9.1,0.119,0.071,0.015,-0.013,-0.009,275962.33,104.827
9.2,0.109,0.071,0.007,-0.014,-0.007,279040.782,104.83
9.3,0.096,0.071,0.006,-0.014,-0.005,279040.782,104.83
9.4,0.081,0.071,0.006,-0.015,-0.003,279040.782,104.83
9.5,0.064,0.071,0.006,-0.015,-0.002,279040.782,104.83
9.6,0.045,0.071,0.005,-0.015,0.0,279040.782,104.83
9.7,0.024,0.071,0.005,-0.015,0.002,279040.782,104.83
9.8,0.002,0.071,0.005,-0.015,0.003,279040.782,104.83
9.9,-0.021,0.071,0.005,-0.014,0.005,279040.782,104.83
10.0,-0.043,0.071,0.004,-0.014,0.006,279040.782,104.83
10.1,-0.066,0.071,0.004,-0.013,0.008,279040.782,104.83
10.2,-0.087,0.071,-0.004,-0.012,0.01,278099.786,119.288
10.3,-0.106,0.071,-0.006,-0.011,0.012,274404.268,146.715
10.4,-0.124,0.07,-0.007,-0.01,0.013,270006.039,202.375
10.5,-0.139,0.069,-0.019,-0.008,0.015,266428.049,297.152
10.6,-0.151,0.064,-0.069,-0.007,0.017,267143.139,425.584
10.7,-0.16,0.059,-0.024,-0.005,0.019,254834.985,1579.531
10.8,-0.166,0.057,-0.008,-0.003,0.02,245755.932,1949.444
10.9,-0.169,0.056,-0.008,-0.001,0.022,238236.565,2519.361
11.0,-0.17,0.054,-0.016,0.001,0.022,231170.794,3114.068
11.1,-0.169,0.052,-0.031,0.003,0.023,224673.638,3451.175
11.2,-0.167,0.05,-0.009,0.006,0.022,212827.024,4059.782
11.3,-0.163,0.049,-0.013,0.008,0.021,203840.5,4536.942
11.4,-0.159,0.047,-0.016,0.01,0.019,193996.842,4824.115
11.5,-0.156,0.046,-0.017,0.012,0.016,183409.482,5173.089
11.6,-0.153,0.044,-0.019,0.013,0.012,172179.825,5583.291
11.7,-0.152,0.042,-0.022,0.014,0.008,160322.704,6066.479
11.8,-0.152,0.039,-0.025,0.015,0.003,147866.883,6639.762
11.9,-0.156,0.037,-0.029,0.015,-0.003,134886.483,7329.41
12.0,-0.162,0.034,-0.036,0.014,-0.009,121591.762,8180.179
12.1,-0.172,0.029,-0.051,0.013,-0.016,108669.464,9270.388
12.2,-0.186,0.023,-0.087,0.011,-0.023,97946.823,10675.72
12.3,-0.203,0.011,-0.155,0.008,-0.029,90875.965,12314.085
12.4,-0.225,-0.009,-0.245,0.005,-0.035,86457.952,14040.732
12.5,-0.251,-0.039,-0.346,0.001,-0.041,83354.837,15829.235
12.6,-0.281,-0.078,-0.441,-0.003,-0.045,79767.82,18118.638
12.7,-0.315,-0.126,-0.527,-0.008,-0.05,75236.5,21179.248
12.8,-0.353,-0.183,-0.602,-0.013,-0.053,69864.263,25067.195
12.9,-0.394,-0.246,-0.667,-0.018,-0.055,63753.89,29788.076
13.0,-0.439,-0.316,-0.722,-0.024,-0.056,57007.728,35304.96
13.1,-0.486,-0.39,-0.767,-0.03,-0.056,49725.161,41548.543
13.2,-0.535,-0.469,-0.804,-0.035,-0.054,42000.888,48426.865
13.3,-0.586,-0.551,-0.832,-0.04,-0.052,33923.95,55833.726
13.4,-0.637,-0.635,-0.851,-0.045,-0.048,25578.928,63653.541
13.5,-0.688,-0.721,-0.86,-0.05,-0.043,17057.634,71735.211
13.6,-0.737,-0.807,-0.864,-0.054,-0.037,8448.26,79944.97
13.7,-0.785,-0.893,-0.863,-0.057,-0.03,-192.69,88193.689
13.8,-0.83,-0.979,-0.858,-0.06,-0.022,-8818.613,96403.051
13.9,-0.871,-1.065,-0.848,-0.062,-0.013,-17385.13,104498.719
14.0,-0.909,-1.149,-0.834,-0.062,-0.003,-25848.965,112409.764
14.1,-0.941,-1.231,-0.816,-0.062,0.007,-34167.636,120069.378
14.2,-0.969,-1.312,-0.794,-0.061,0.017,-42299.613,127416.083
14.3,-0.991,-1.39,-0.768,-0.059,0.027,-50204.27,134394.375
14.4,-1.008,-1.465,-0.737,-0.056,0.037,-57841.247,140954.455
14.5,-1.02,-1.537,-0.704,-0.052,0.046,-65169.999,147054.138
14.6,-1.027,-1.606,-0.669,-0.047,0.054,-72156.973,152679.537
14.7,-1.029,-1.671,-0.629,-0.041,0.062,-78793.971,157820.738
14.8,-1.028,-1.732,-0.584,-0.034,0.068,-85021.652,162438.434
14.9,-1.023,-1.788,-0.535,-0.027,0.073,-90794.075,166515.812
15.0,-1.016,-1.839,-0.482,-0.02,0.076,-96068.872,170052.418
15.1,-1.006,-1.884,-0.425,-0.012,0.077,-100808.241,173064.491
15.2,-0.995,-1.924,-0.366,-0.004,0.076,-104979.448,175584.24
15.3,-0.982,-1.957,-0.305,0.003,0.073,-108555.253,177658.503
15.4,-0.969,-1.984,-0.241,0.01,0.069,-111786.702,179413.279
15.5,-0.954,-2.005,-0.165,0.017,0.064,-116071.48,181143.332
15.6,-0.939,-2.017,-0.065,0.023,0.058,-123300.379,182768.177
15.7,-0.922,-2.018,0.01,0.028,0.051,-126382.169,182938.351
15.8,-0.905,-2.017,0.024,0.033,0.044,-119886.415,182942.358
15.9,-0.885,-2.015,0.014,0.037,0.037,-109264.115,182942.358
16.0,-0.864,-2.013,0.014,0.04,0.029,-99741.973,182942.358
16.1,-0.84,-2.012,0.016,0.043,0.022,-89770.666,182942.358
16.2,-0.814,-2.01,0.017,0.045,0.015,-79175.495,182942.358
16.3,-0.786,-2.008,0.02,0.046,0.009,-67899.626,182942.358
16.4,-0.755,-2.006,0.022,0.047,0.003,-55911.527,182942.358
16.5,-0.721,-2.004,0.027,0.047,-0.003,-43227.891,182942.358
16.6,-0.685,-2.001,0.034,0.046,-0.007,-30013.197,182942.358
16.7,-0.648,-1.997,0.048,0.045,-0.012,-16953.463,182942.358
16.8,-0.609,-1.991,0.084,0.044,-0.016,-5983.197,182942.358
16.9,-0.569,-1.979,0.151,0.042,-0.02,1281.325,182942.358
17.0,-0.53,-1.96,0.241,0.04,-0.024,5795.457,182942.358
17.1,-0.491,-1.93,0.345,0.037,-0.027,8927.062,182976.804
17.2,-0.454,-1.891,0.448,0.034,-0.03,12511.146,183529.638
17.3,-0.419,-1.841,0.545,0.031,-0.032,17120.758,184960.466
17.4,-0.386,-1.782,0.635,0.028,-0.034,22691.384,187402.772
17.5,-0.355,-1.715,0.717,0.024,-0.034,29153.87,190944.916
17.6,-0.327,-1.639,0.792,0.021,-0.032,36433.177,195629.571
17.7,-0.301,-1.556,0.859,0.018,-0.03,44450.247,201456.224
17.8,-0.277,-1.468,0.917,0.015,-0.027,53123.173,208384.601
17.9,-0.254,-1.373,0.967,0.013,-0.023,62368.274,216339.331
18.0,-0.232,-1.274,1.009,0.011,-0.019,72101.384,225215.968
18.1,-0.209,-1.172,1.046,0.009,-0.015,82243.561,234903.774
18.2,-0.185,-1.065,1.079,0.008,-0.011,92752.148,245357.155
18.3,-0.158,-0.956,1.103,0.007,-0.007,103573.9,256465.17
18.4,-0.129,-0.845,1.121,0.006,-0.0,114632.926,268077.785
18.5,-0.095,-0.732,1.133,0.007,0.008,125861.558,280052.983
18.6,-0.058,-0.618,1.14,0.008,0.016,137200.613,292262.076
18.7,-0.016,-0.504,1.144,0.01,0.023,148604.779,304602.85
18.8,0.03,-0.39,1.149,0.012,0.029,160069.908,317077.195
18.9,0.081,-0.275,1.153,0.015,0.034,171566.844,329640.592
19.0,0.135,-0.159,1.154,0.019,0.037,183094.509,342268.316
19.1,0.193,-0.044,1.155,0.023,0.038,194636.661,354926.207
19.2,0.254,0.072,1.156,0.027,0.038,206186.256,367601.183
19.3,0.317,0.187,1.157,0.03,0.038,217744.66,380299.822
19.4,0.38,0.303,1.16,0.034,0.037,229319.95,393042.724
19.5,0.445,0.419,1.163,0.038,0.037,240922.281,405853.794
19.6,0.509,0.536,1.163,0.042,0.036,252555.512,418731.875
19.7,0.572,0.652,1.161,0.045,0.034,264185.306,431584.979
19.8,0.634,0.768,1.16,0.048,0.031,275795.137,444393.284
19.9,0.695,0.884,1.159,0.051,0.027,287390.603,457169.196
20.0,0.755,1.0,1.158,0.054,0.023,298975.171,469919.814
20.1,0.814,1.115,1.156,0.056,0.017,310549.141,482644.351
20.2,0.871,1.231,1.154,0.057,0.012,322109.187,495333.254
20.3,0.929,1.346,1.151,0.058,0.006,333646.845,507963.653
20.4,0.986,1.461,1.145,0.058,0.0,345146.417,520495.49
20.5,1.044,1.575,1.136,0.058,-0.005,356583.86,532868.218
20.6,1.101,1.688,1.124,0.057,-0.009,367925.224,545005.354
20.7,1.16,1.8,1.108,0.056,-0.013,379141.739,556840.114
20.8,1.218,1.909,1.085,0.055,-0.016,390188.869,568265.739
20.9,1.277,2.016,1.054,0.053,-0.018,400998.38,579131.332
21.0,1.335,2.12,1.015,0.051,-0.02,411487.104,589271.074
21.1,1.392,2.219,0.968,0.049,-0.021,421571.861,598541.489
21.2,1.447,2.313,0.915,0.047,-0.022,431180.274,606843.341
21.3,1.499,2.402,0.858,0.045,-0.022,440255.258,614126.143
21.4,1.546,2.485,0.797,0.043,-0.023,448753.378,620379.226
21.5,1.589,2.561,0.734,0.04,-0.024,456639.63,625618.301
21.6,1.626,2.631,0.667,0.038,-0.024,463883.014,629876.622
21.7,1.657,2.695,0.6,0.035,-0.025,470461.903,633218.188
21.8,1.68,2.751,0.53,0.033,-0.027,476363.33,635712.962
21.9,1.696,2.801,0.458,0.03,-0.028,481561.127,637429.724
22.0,1.705,2.843,0.384,0.027,-0.03,486035.656,638453.914
22.1,1.706,2.878,0.31,0.024,-0.031,489774.223,638884.044
22.2,1.7,2.905,0.233,0.021,-0.032,493046.956,638896.66
22.3,1.688,2.924,0.139,0.018,-0.032,497704.653,638896.66
22.4,1.67,2.931,0.001,0.015,-0.033,506980.799,638847.188
22.5,1.647,2.929,-0.014,0.011,-0.032,501609.147,639392.928
22.6,1.62,2.928,-0.008,0.008,-0.032,493623.01,639587.788
22.7,1.59,2.926,-0.015,0.005,-0.031,486787.428,640162.944
22.8,1.557,2.924,-0.016,0.002,-0.03,478725.896,640505.589
22.9,1.521,2.923,-0.016,-0.001,-0.028,469383.042,640896.048
23.0,1.483,2.921,-0.017,-0.004,-0.027,459054.531,641328.42
23.1,1.442,2.919,-0.021,-0.006,-0.026,447642.565,641760.375
23.2,1.399,2.917,-0.029,-0.009,-0.024,434937.191,642391.073
23.3,1.352,2.913,-0.05,-0.011,-0.022,421826.865,643371.716
23.4,1.301,2.905,-0.116,-0.013,-0.02,411971.643,644837.059
23.5,1.245,2.888,-0.24,-0.015,-0.018,406874.329,646544.142
23.6,1.184,2.856,-0.396,-0.017,-0.016,403852.22,648375.713
23.7,1.116,2.809,-0.551,-0.018,-0.015,399671.499,651232.14
23.8,1.041,2.746,-0.697,-0.02,-0.014,393958.282,655653.098
23.9,0.959,2.67,-0.833,-0.021,-0.013,386796.037,661961.523
24.0,0.87,2.58,-0.956,-0.022,-0.014,378293.832,670363.378
24.1,0.773,2.479,-1.066,-0.024,-0.014,368577.954,680944.144
24.2,0.671,2.368,-1.161,-0.025,-0.015,357785.401,693676.677
24.3,0.563,2.248,-1.243,-0.027,-0.016,346057.335,708438.698
24.4,0.451,2.12,-1.311,-0.029,-0.017,333532.796,725034.772
24.5,0.337,1.986,-1.367,-0.03,-0.018,320381.506,743166.265
24.6,0.221,1.847,-1.417,-0.032,-0.018,307046.436,762178.357
24.7,0.107,1.703,-1.462,-0.034,-0.017,293713.103,781819.246
24.8,-0.006,1.554,-1.504,-0.035,-0.015,280379.769,802038.831
24.9,-0.114,1.402,-1.543,-0.037,-0.012,267046.436,822799.185
25.0,-0.216,1.246,-1.578,-0.038,-0.009,253713.103,844057.926
25.1,-0.312,1.086,-1.612,-0.039,-0.005,240379.769,865769.39
25.2,-0.4,0.923,-1.645,-0.039,-0.0,227046.436,887926.85
25.3,-0.481,0.757,-1.681,-0.039,0.004,213713.103,910541.842
25.4,-0.554,0.587,-1.719,-0.038,0.006,200379.769,933643.91
25.5,-0.618,0.413,-1.759,-0.037,0.007,187046.436,957266.923
25.6,-0.676,0.235,-1.806,-0.037,0.011,173713.103,981465.931
25.7,-0.727,0.052,-1.853,-0.035,0.016,160379.769,1006302.629
25.8,-0.772,-0.135,-1.9,-0.033,0.021,147046.436,1031764.547
25.9,-0.812,-0.327,-1.943,-0.031,0.025,133713.103,1057830.51
26.0,-0.849,-0.523,-1.976,-0.028,0.03,120379.769,1084410.044
26.1,-0.883,-0.722,-1.994,-0.025,0.033,107046.436,1111334.332
26.2,-0.916,-0.922,-1.992,-0.022,0.035,93713.103,1138379.096
26.3,-0.947,-1.119,-1.958,-0.018,0.037,80379.769,1165176.409
26.4,-0.977,-1.312,-1.904,-0.014,0.037,67046.436,1191382.578
26.5,-1.007,-1.499,-1.831,-0.011,0.036,53713.103,1216749.131
26.6,-1.037,-1.678,-1.747,-0.007,0.031,40379.769,1241068.903
26.7,-1.066,-1.848,-1.643,-0.005,0.023,27046.436,1264137.177
26.8,-1.095,-2.007,-1.522,-0.003,0.011,13713.103,1285704.922
26.9,-1.123,-2.152,-1.39,-0.002,-0.002,379.769,1305565.185
27.0,-1.151,-2.284,-1.245,-0.003,-0.017,-12853.426,1323484.33
27.1,-1.178,-2.401,-1.09,-0.006,-0.033,-25101.688,1338423.611
27.2,-1.205,-2.502,-0.933,-0.01,-0.047,-35786.776,1349955.456
27.3,-1.231,-2.587,-0.776,-0.015,-0.059,-44898.382,1358522.608
27.4,-1.256,-2.657,-0.624,-0.022,-0.067,-52452.062,1364632.202
27.5,-1.281,-2.713,-0.478,-0.029,-0.072,-58489.363,1368806.3
27.6,-1.307,-2.753,-0.339,-0.036,-0.074,-63073.912,1371547.598
27.7,-1.332,-2.781,-0.21,-0.043,-0.071,-66566.303,1373373.55
27.8,-1.359,-2.795,-0.067,-0.05,-0.065,-72933.262,1375031.214
27.9,-1.385,-2.795,0.047,-0.056,-0.056,-76260.42,1375222.554
28.0,-1.413,-2.79,0.044,-0.061,-0.045,-63523.693,1375222.775
28.1,-1.441,-2.786,0.028,-0.065,-0.032,-50372.523,1375222.775
28.2,-1.469,-2.784,0.014,-0.068,-0.019,-39047.542,1375222.775
28.3,-1.497,-2.783,0.011,-0.069,-0.005,-30363.053,1375222.775
28.4,-1.523,-2.782,0.011,-0.069,0.008,-22502.882,1375222.775
28.5,-1.546,-2.781,0.01,-0.067,0.021,-14896.284,1375222.775
28.6,-1.566,-2.78,0.011,-0.064,0.034,-7143.341,1375222.775
28.7,-1.58,-2.779,0.012,-0.06,0.046,1080.294,1375222.775
28.8,-1.588,-2.777,0.014,-0.055,0.058,10022.927,1375222.775
28.9,-1.589,-2.776,0.016,-0.049,0.069,19863.506,1375222.775
29.0,-1.582,-2.774,0.019,-0.041,0.08,30720.455,1375222.775
29.1,-1.566,-2.772,0.023,-0.033,0.09,42644.702,1375222.775
29.2,-1.541,-2.77,0.03,-0.023,0.099,55536.881,1375222.775
29.3,-1.507,-2.766,0.044,-0.013,0.106,68750.897,1375222.775
29.4,-1.463,-2.76,0.082,-0.002,0.111,80059.292,1375222.775
29.5,-1.412,-2.748,0.156,0.009,0.115,87307.43,1375222.775
29.6,-1.353,-2.728,0.257,0.021,0.116,91619.008,1375222.775
29.7,-1.289,-2.696,0.373,0.032,0.114,94603.513,1375282.59
29.8,-1.219,-2.653,0.487,0.043,0.111,98489.914,1376090.286
29.9,-1.147,-2.599,0.594,0.054,0.105,103503.959,1377949.19
30.0,-1.072,-2.535,0.692,0.064,0.097,109577.441,1381022.065
30.1,-0.996,-2.461,0.782,0.073,0.088,116627.33,1385406.422
30.2,-0.921,-2.379,0.862,0.082,0.078,124561.676,1391136.984
30.3,-0.846,-2.289,0.933,0.089,0.067,133284.236,1398193.723
30.4,-0.772,-2.193,0.994,0.095,0.057,142699.66,1406514.688
30.5,-0.7,-2.091,1.047,0.1,0.047,152717.519,1416010.278
30.6,-0.629,-1.984,1.093,0.105,0.038,163254.94,1426576.005
30.7,-0.558,-1.872,1.132,0.108,0.03,174239.348,1438104.573
30.8,-0.488,-1.757,1.166,0.111,0.023,185606.795,1450491.211
30.9,-0.417,-1.639,1.195,0.113,0.017,197303.97,1463641.664
31.0,-0.344,-1.519,1.22,0.114,0.013,209287.291,1477475.153
31.1,-0.27,-1.395,1.243,0.116,0.011,221522.504,1491926.875
31.2,-0.193,-1.27,1.264,0.117,0.01,233984.252,1506949.821
31.3,-0.113,-1.143,1.285,0.117,0.009,246655.867,1522516.777
31.4,-0.03,-1.013,1.308,0.118,0.008,259531.533,1538634.367
31.5,0.056,-0.881,1.338,0.119,0.008,272632.872,1555443.882
31.6,0.145,-0.745,1.369,0.12,0.007,285968.369,1573045.566
31.7,0.235,-0.607,1.403,0.12,0.006,299301.702,1591079.817
31.8,0.327,-0.465,1.441,0.121,0.005,312635.036,1609594.333
31.9,0.419,-0.318,1.482,0.121,0.003,325968.369,1628634.657
32.0,0.51,-0.168,1.527,0.122,-0.0,339301.702,1648247.985
32.1,0.6,-0.013,1.576,0.121,-0.003,352635.036,1668486.576
32.2,0.687,0.147,1.63,0.121,-0.006,365968.369,1689406.916
32.3,0.771,0.313,1.692,0.12,-0.01,379301.702,1711091.336
32.4,0.852,0.486,1.76,0.119,-0.016,392635.036,1733664.887
32.5,0.929,0.665,1.827,0.117,-0.023,405968.369,1757136.037
32.6,1.002,0.851,1.884,0.114,-0.031,419301.702,1781445.61
32.7,1.072,1.042,1.927,0.111,-0.04,432635.036,1806436.504
32.8,1.138,1.235,1.943,0.106,-0.05,445968.369,1831824.488
32.9,1.2,1.429,1.932,0.101,-0.06,459301.702,1857239.921
33.0,1.26,1.621,1.893,0.094,-0.067,472635.036,1882327.813
33.1,1.317,1.807,1.828,0.087,-0.074,485968.369,1906720.771
33.2,1.371,1.985,1.732,0.08,-0.078,499301.702,1930048.303
33.3,1.422,2.153,1.611,0.072,-0.08,512635.036,1951922.662
33.4,1.469,2.307,1.473,0.064,-0.081,525968.369,1972057.773
33.5,1.513,2.447,1.315,0.056,-0.079,539279.148,1990181.364
33.6,1.551,2.57,1.144,0.048,-0.077,552209.597,2005556.119
33.7,1.584,2.676,0.978,0.04,-0.073,563363.262,2016716.527
33.8,1.61,2.765,0.813,0.033,-0.07,572909.798,2024526.932
33.9,1.629,2.839,0.652,0.026,-0.066,580807.564,2029520.947
34.0,1.638,2.896,0.502,0.02,-0.062,587075.765,2032305.359
34.1,1.638,2.939,0.366,0.014,-0.057,591897.619,2033542.0
34.2,1.629,2.97,0.247,0.009,-0.053,595502.372,2033772.229
34.3,1.609,2.989,0.127,0.003,-0.049,600202.815,2033771.407
34.4,1.58,2.994,-0.012,-0.001,-0.044,607981.211,2033772.267
34.5,1.541,2.989,-0.084,-0.005,-0.04,608785.96,2033900.945
34.6,1.493,2.982,-0.058,-0.009,-0.036,598561.147,2035375.797
34.7,1.438,2.978,-0.016,-0.013,-0.032,586129.704,2036275.364
34.8,1.377,2.976,-0.018,-0.016,-0.028,577719.517,2036649.817
34.9,1.311,2.975,-0.019,-0.018,-0.024,567845.308,2037077.874
35.0,1.243,2.973,-0.021,-0.021,-0.02,556320.554,2037633.773
35.1,1.173,2.97,-0.031,-0.022,-0.016,543549.469,2038285.743
35.2,1.103,2.966,-0.065,-0.024,-0.011,530898.889,2039392.941
35.3,1.034,2.955,-0.167,-0.025,-0.007,523150.005,2040990.939
35.4,0.967,2.93,-0.328,-0.025,-0.002,519390.711,2042752.323
35.5,0.903,2.889,-0.508,-0.025,0.002,515896.708,2045100.994
35.6,0.841,2.829,-0.682,-0.025,0.005,510570.766,2049137.144
35.7,0.781,2.753,-0.846,-0.024,0.007,503519.266,2055362.259
35.8,0.723,2.66,-0.995,-0.023,0.008,494884.013,2064110.538
35.9,0.667,2.554,-1.124,-0.023,0.008,484749.047,2075603.985
36.0,0.611,2.436,-1.231,-0.022,0.008,473357.029,2089719.12
36.1,0.556,2.309,-1.316,-0.021,0.007,460975.219,2106120.25
36.2,0.499,2.174,-1.377,-0.02,0.005,447772.28,2124428.628
36.3,0.441,2.034,-1.419,-0.02,0.002,434437.671,2143541.697
36.4,0.382,1.891,-1.446,-0.02,0.001,421104.338,2163102.345
36.5,0.32,1.746,-1.45,-0.02,-0.001,407771.004,2182878.253
36.6,0.258,1.601,-1.436,-0.02,-0.003,394437.671,2202587.751
36.7,0.195,1.459,-1.409,-0.021,-0.004,381104.338,2222012.05
36.8,0.131,1.32,-1.372,-0.021,-0.003,367771.004,2241004.285
36.9,0.068,1.185,-1.328,-0.021,-0.001,354453.021,2259439.707
37.0,0.007,1.054,-1.286,-0.021,-0.001,341298.12,2277146.561
37.1,-0.051,0.927,-1.248,-0.021,-0.002,328496.596,2293927.942
37.2,-0.106,0.804,-1.216,-0.022,-0.003,316077.645,2309839.49
37.3,-0.156,0.684,-1.188,-0.022,-0.003,304024.79,2324959.2
37.4,-0.202,0.566,-1.163,-0.022,-0.003,292181.651,2339526.87
37.5,-0.242,0.451,-1.142,-0.022,-0.003,280590.821,2353543.946
37.6,-0.278,0.338,-1.127,-0.023,-0.001,269256.676,2367074.091
37.7,-0.309,0.226,-1.116,-0.023,0.001,258003.932,2380375.111
37.8,-0.335,0.114,-1.107,-0.022,0.004,246862.565,2393451.193
37.9,-0.358,0.004,-1.099,-0.022,0.007,235859.235,2406282.71
38.0,-0.379,-0.105,-1.087,-0.021,0.01,224890.627,2418971.668
38.1,-0.398,-0.213,-1.073,-0.02,0.014,214042.258,2431399.556
38.2,-0.416,-0.32,-1.058,-0.018,0.018,203381.071,2443475.596
38.3,-0.434,-0.425,-1.038,-0.016,0.022,192830.469,2455253.981
38.4,-0.451,-0.527,-1.01,-0.014,0.024,182494.182,2466565.841
38.5,-0.47,-0.627,-0.982,-0.011,0.026,172480.623,2477275.532
38.6,-0.489,-0.723,-0.95,-0.009,0.027,162706.824,2487470.483
38.7,-0.507,-0.817,-0.912,-0.006,0.028,153257.926,2497036.048
38.8,-0.526,-0.906,-0.867,-0.003,0.028,144225.512,2505847.882
38.9,-0.543,-0.99,-0.815,-0.0,0.028,135630.642,2513863.896
39.0,-0.558,-1.068,-0.76,0.002,0.028,127560.229,2521016.992
39.1,-0.57,-1.142,-0.704,0.005,0.028,120045.068,2527334.34
39.2,-0.578,-1.209,-0.644,0.008,0.027,113085.465,2532855.618
39.3,-0.583,-1.27,-0.581,0.011,0.026,106729.745,2537589.379
39.4,-0.583,-1.325,-0.516,0.013,0.024,101018.64,2541570.627
39.5,-0.579,-1.374,-0.449,0.016,0.023,95954.056,2544871.914
39.6,-0.57,-1.415,-0.382,0.018,0.021,91557.333,2547565.491
39.7,-0.558,-1.45,-0.316,0.02,0.019,87832.144,2549739.671
39.8,-0.543,-1.478,-0.251,0.022,0.018,84622.512,2551525.591
39.9,-0.526,-1.5,-0.178,0.023,0.016,80561.405,2553260.71
40.0,-0.509,-1.514,-0.09,0.025,0.015,74228.332,2554927.317
40.1,-0.492,-1.517,-0.012,0.026,0.014,69574.328,2555651.894
40.2,-0.477,-1.517,0.018,0.028,0.013,72198.494,2555680.643
40.3,-0.464,-1.515,0.02,0.029,0.011,78911.104,2555680.376
40.4,-0.455,-1.514,0.014,0.03,0.01,87017.88,2555679.377
40.5,-0.449,-1.512,0.008,0.031,0.008,94871.512,2555678.197
40.6,-0.447,-1.511,0.008,0.031,0.006,102058.071,2555678.197
40.7,-0.449,-1.509,0.009,0.032,0.005,109335.34,2555678.197
40.8,-0.453,-1.508,0.009,0.032,0.003,116779.944,2555678.197
40.9,-0.459,-1.506,0.016,0.033,0.001,123449.902,2555678.197
41.0,-0.466,-1.504,0.025,0.033,-0.001,130009.996,2555678.197
41.1,-0.473,-1.503,0.008,0.033,-0.003,140830.657,2555678.197
41.2,-0.479,-1.501,0.017,0.032,-0.004,148070.173,2555678.197
41.3,-0.482,-1.499,0.007,0.032,-0.006,158402.843,2555678.197
41.4,-0.483,-1.498,0.018,0.031,-0.008,165946.274,2555678.197
41.5,-0.48,-1.496,0.014,0.03,-0.01,175957.212,2555678.197
41.6,-0.472,-1.495,0.014,0.029,-0.012,185556.004,2555678.197
41.7,-0.462,-1.493,0.015,0.027,-0.015,195339.992,2555678.197
41.8,-0.448,-1.492,0.015,0.026,-0.017,205315.567,2555678.197
41.9,-0.432,-1.49,0.016,0.024,-0.02,215466.077,2555678.197
42.0,-0.414,-1.489,0.016,0.022,-0.023,225777.861,2555678.197
42.1,-0.397,-1.487,0.016,0.019,-0.027,236240.634,2555678.197
42.2,-0.38,-1.485,0.017,0.017,-0.032,246844.662,2555678.197
42.3,-0.366,-1.484,0.017,0.013,-0.037,257576.955,2555678.197
42.4,-0.356,-1.482,0.017,0.009,-0.044,268419.945,2555678.197
42.5,-0.35,-1.48,0.017,0.004,-0.05,279350.94,2555678.197
42.6,-0.349,-1.478,0.018,-0.001,-0.056,290339.568,2555678.197
42.7,-0.354,-1.477,0.018,-0.007,-0.062,301350.207,2555678.197
42.8,-0.365,-1.475,0.017,-0.013,-0.067,312342.393,2555678.197
42.9,-0.38,-1.473,0.017,-0.02,-0.07,323272.599,2555678.197
43.0,-0.4,-1.471,0.017,-0.027,-0.072,334101.562,2555678.197
43.1,-0.424,-1.47,0.017,-0.035,-0.072,344801.813,2555678.197
43.2,-0.451,-1.468,0.016,-0.042,-0.07,355364.486,2555678.197
43.3,-0.479,-1.467,0.016,-0.048,-0.066,365808.164,2555678.197
43.4,-0.507,-1.465,0.016,-0.055,-0.06,376180.454,2555678.197
43.5,-0.535,-1.463,0.016,-0.06,-0.053,386500.282,2555678.197
43.6,-0.561,-1.462,0.016,-0.065,-0.045,396774.823,2555678.197
43.7,-0.584,-1.46,0.016,-0.069,-0.035,407005.364,2555678.197
43.8,-0.604,-1.459,0.015,-0.072,-0.024,417191.665,2555678.197
43.9,-0.62,-1.457,0.015,-0.074,-0.011,427341.27,2555678.197
44.0,-0.632,-1.456,0.015,-0.074,0.002,437475.512,2555678.197
44.1,-0.64,-1.454,0.015,-0.074,0.016,447633.289,2555678.197
44.2,-0.643,-1.453,0.016,-0.071,0.03,457874.55,2555678.197
44.3,-0.643,-1.451,0.016,-0.068,0.044,468277.358,2555678.197
44.4,-0.638,-1.449,0.017,-0.062,0.059,478933.071,2555678.197
44.5,-0.629,-1.448,0.018,-0.056,0.073,489943.764,2555678.197
44.6,-0.616,-1.446,0.02,-0.048,0.085,501410.317,2555678.197
44.7,-0.6,-1.444,0.022,-0.039,0.097,513414.84,2555678.197
44.8,-0.579,-1.441,0.025,-0.029,0.107,525997.718,2555678.197
44.9,-0.555,-1.438,0.031,-0.017,0.115,539100.72,2555678.197
45.0,-0.526,-1.435,0.041,-0.006,0.122,552373.342,2555678.197
45.1,-0.493,-1.43,0.064,0.007,0.126,564569.195,2555678.197
45.2,-0.455,-1.421,0.115,0.019,0.127,573564.649,2555678.197
45.3,-0.412,-1.406,0.195,0.032,0.126,579201.928,2555678.197
45.4,-0.365,-1.381,0.292,0.045,0.123,582845.668,2555678.198
45.5,-0.313,-1.347,0.396,0.057,0.118,585896.034,2555856.008
45.6,-0.256,-1.302,0.496,0.068,0.11,589992.524,2556820.474
45.7,-0.196,-1.248,0.591,0.079,0.1,595076.763,2558732.859
45.8,-0.132,-1.185,0.68,0.088,0.089,601108.419,2561730.873
45.9,-0.065,-1.112,0.764,0.096,0.076,608025.308,2565905.36
46.0,0.004,-1.032,0.841,0.103,0.062,615760.907,2571309.782
46.1,0.074,-0.944,0.912,0.109,0.047,624266.991,2577981.348
46.2,0.144,-0.85,0.977,0.113,0.032,633472.163,2585909.15
46.3,0.213,-0.749,1.042,0.115,0.017,643325.175,2595119.813
46.4,0.281,-0.642,1.102,0.116,0.002,653831.067,2605669.553
46.5,0.346,-0.529,1.156,0.116,-0.012,664921.988,2617501.857
46.6,0.409,-0.411,1.205,0.114,-0.025,676534.51,2630551.533
46.7,0.468,-0.288,1.25,0.111,-0.037,688649.251,2644799.801
46.8,0.523,-0.161,1.291,0.106,-0.048,701206.063,2660165.477
46.9,0.574,-0.03,1.328,0.101,-0.058,714147.848,2676568.134
47.0,0.621,0.105,1.36,0.095,-0.066,727442.507,2693964.753
47.1,0.664,0.242,1.395,0.088,-0.072,740776.228,2711887.002
47.2,0.702,0.383,1.427,0.08,-0.077,754109.561,2730261.107
47.3,0.736,0.527,1.452,0.072,-0.08,767442.894,2749020.761
47.4,0.766,0.673,1.463,0.064,-0.081,780776.228,2768027.912
47.5,0.791,0.819,1.455,0.056,-0.081,794109.561,2787069.989
47.6,0.813,0.964,1.424,0.048,-0.08,807442.894,2805835.449
47.7,0.831,1.104,1.375,0.04,-0.078,820776.228,2824068.518
47.8,0.845,1.238,1.311,0.033,-0.074,834083.687,2841505.156
47.9,0.856,1.365,1.233,0.026,-0.069,847094.028,2857536.319
48.0,0.863,1.484,1.146,0.019,-0.062,859295.275,2871437.273
48.1,0.867,1.594,1.05,0.013,-0.055,870558.531,2883137.524
48.2,0.869,1.694,0.938,0.008,-0.047,880901.662,2892714.965
48.3,0.868,1.782,0.817,0.004,-0.039,890110.444,2900046.237
48.4,0.865,1.858,0.7,0.0,-0.031,898073.719,2905292.702
48.5,0.861,1.922,0.592,-0.002,-0.023,904922.911,2908898.298
48.6,0.856,1.976,0.492,-0.004,-0.017,910702.041,2911190.113
48.7,0.851,2.021,0.401,-0.006,-0.011,915466.093,2912460.467
48.8,0.846,2.057,0.317,-0.007,-0.006,919360.264,2912993.015
48.9,0.842,2.085,0.237,-0.007,-0.002,922627.103,2913021.983
49.0,0.839,2.104,0.144,-0.007,0.002,927197.479,2913021.983
49.1,0.837,2.112,0.01,-0.007,0.005,936104.557,2912991.521
49.2,0.837,2.111,-0.021,-0.006,0.008,933076.823,2913213.394
49.3,0.837,2.109,-0.015,-0.005,0.01,925584.492,2913586.725
49.4,0.838,2.108,-0.008,-0.004,0.011,917624.127,2913795.704
49.5,0.839,2.106,-0.014,-0.003,0.011,910826.326,2914365.75
49.6,0.839,2.104,-0.017,-0.002,0.01,902734.169,2914711.641
49.7,0.838,2.103,-0.015,-0.001,0.009,893306.494,2915103.855
49.8,0.834,2.101,-0.016,0.0,0.007,883115.597,2915522.952
49.9,0.827,2.099,-0.019,0.001,0.004,872063.73,2915915.618
50.0,0.815,2.097,-0.023,0.001,0.001,860030.129,2916423.905
50.1,0.799,2.095,-0.029,0.001,-0.002,847151.222,2917089.329
50.2,0.778,2.091,-0.04,0.0,-0.006,833879.074,2917989.075
50.3,0.752,2.086,-0.072,-0.0,-0.009,821940.088,2919250.808
50.4,0.721,2.075,-0.147,-0.001,-0.011,814121.793,2920851.546
50.5,0.685,2.055,-0.258,-0.002,-0.013,809714.416,2922577.991
50.6,0.644,2.023,-0.384,-0.004,-0.015,806743.86,2924409.422
50.7,0.601,1.979,-0.501,-0.005,-0.016,802740.19,2927058.017
50.8,0.555,1.924,-0.603,-0.007,-0.017,797613.536,2930751.528
50.9,0.508,1.859,-0.69,-0.009,-0.018,791456.678,2935582.862
51.0,0.459,1.786,-0.761,-0.011,-0.018,784455.741,2941497.067
51.1,0.412,1.707,-0.818,-0.012,-0.018,776799.918,2948359.977
51.2,0.365,1.623,-0.86,-0.014,-0.017,768559.198,2956078.207
51.3,0.319,1.535,-0.89,-0.016,-0.015,759919.236,2964429.601
51.4,0.276,1.445,-0.911,-0.017,-0.014,751037.534,2973207.445
51.5,0.233,1.354,-0.923,-0.018,-0.012,741912.399,2982349.359
51.6,0.192,1.261,-0.93,-0.02,-0.011,732675.879,2991676.462
51.7,0.152,1.168,-0.935,-0.021,-0.011,723421.537,3001070.385
51.8,0.112,1.074,-0.941,-0.022,-0.011,714065.837,3010607.206
51.9,0.072,0.979,-0.947,-0.023,-0.011,704651.735,3020254.802
52.0,0.03,0.884,-0.954,-0.024,-0.01,695227.196,3029968.768
52.1,-0.013,0.789,-0.961,-0.025,-0.01,685684.061,3039860.367
52.2,-0.058,0.692,-0.969,-0.026,-0.009,676068.925,3049890.781
52.3,-0.105,0.595,-0.98,-0.027,-0.009,666415.38,3060047.719
52.4,-0.154,0.496,-0.992,-0.028,-0.008,656602.265,3070470.233
52.5,-0.205,0.396,-1.005,-0.028,-0.007,646668.174,3081132.633
52.6,-0.257,0.295,-1.021,-0.029,-0.006,636646.755,3092020.075
52.7,-0.309,0.192,-1.035,-0.03,-0.006,626420.627,3103262.841
52.8,-0.36,0.088,-1.048,-0.03,-0.005,616056.773,3114780.421
52.9,-0.41,-0.017,-1.061,-0.031,-0.005,605614.979,3126508.382
53.0,-0.456,-0.124,-1.071,-0.031,-0.004,594998.162,3138542.332
53.1,-0.499,-0.232,-1.079,-0.032,-0.003,584278.74,3150781.196
53.2,-0.538,-0.34,-1.085,-0.032,-0.003,573531.228,3163119.808
53.3,-0.571,-0.448,-1.085,-0.032,-0.002,562685.887,3175592.847
53.4,-0.6,-0.557,-1.078,-0.032,-0.001,551852.69,3188019.091
53.5,-0.624,-0.664,-1.063,-0.032,0.001,541140.605,3200208.654
53.6,-0.643,-0.769,-1.038,-0.032,0.002,530547.134,3212057.882
53.7,-0.659,-0.871,-1.004,-0.032,0.004,520218.725,3223337.076
53.8,-0.672,-0.97,-0.965,-0.031,0.007,510265.546,3233880.31
53.9,-0.684,-1.064,-0.921,-0.031,0.009,500680.209,3243673.907
54.0,-0.695,-1.154,-0.874,-0.029,0.012,491538.752,3252651.079
54.1,-0.706,-1.239,-0.828,-0.028,0.015,482879.494,3260802.962
54.2,-0.718,-1.319,-0.777,-0.026,0.019,474671.444,3268191.386
54.3,-0.732,-1.394,-0.722,-0.024,0.023,466974.597,3274773.488
54.4,-0.748,-1.463,-0.662,-0.022,0.026,459852.635,3280524.1
54.5,-0.766,-1.526,-0.598,-0.019,0.03,453324.197,3285471.652
54.6,-0.784,-1.583,-0.531,-0.016,0.033,447438.109,3289642.019
54.7,-0.801,-1.632,-0.463,-0.012,0.037,442226.333,3293090.341
54.8,-0.818,-1.675,-0.394,-0.008,0.041,437690.713,3295899.192
54.9,-0.831,-1.711,-0.324,-0.004,0.045,433849.757,3298150.463
55.0,-0.841,-1.74,-0.254,0.0,0.048,430609.751,3299962.076
55.1,-0.844,-1.762,-0.174,0.005,0.051,426529.071,3301696.789
55.2,-0.84,-1.774,-0.073,0.011,0.054,419705.132,3303340.921
55.3,-0.828,-1.776,0.006,0.016,0.056,416333.981,3303684.582
55.4,-0.808,-1.774,0.018,0.022,0.057,423464.883,3303689.613
55.5,-0.779,-1.773,0.014,0.027,0.057,433361.361,3303689.613
55.6,-0.742,-1.771,0.015,0.033,0.057,442991.749,3303689.613
55.7,-0.698,-1.77,0.016,0.039,0.056,453032.707,3303689.613
55.8,-0.648,-1.768,0.017,0.044,0.053,463601.957,3303689.613
55.9,-0.594,-1.766,0.019,0.049,0.049,474829.005,3303689.613
56.0,-0.538,-1.764,0.023,0.054,0.043,486815.543,3303689.613
56.1,-0.481,-1.762,0.027,0.058,0.035,499556.306,3303689.613
56.2,-0.427,-1.759,0.035,0.061,0.026,512811.23,3303689.613
56.3,-0.377,-1.755,0.052,0.063,0.015,525727.693,3303689.613
56.4,-0.332,-1.748,0.089,0.064,0.003,536323.549,3303689.613
56.5,-0.295,-1.736,0.155,0.064,-0.008,543331.589,3303689.613
56.6,-0.264,-1.716,0.242,0.062,-0.02,547782.469,3303689.613
56.7,-0.242,-1.687,0.339,0.06,-0.03,550923.29,3303719.84
56.8,-0.227,-1.648,0.436,0.056,-0.038,554441.547,3304215.35
56.9,-0.218,-1.6,0.526,0.052,-0.044,558921.451,3305510.587
57.0,-0.214,-1.544,0.609,0.048,-0.047,564292.32,3307711.042
57.1,-0.214,-1.479,0.686,0.043,-0.049,570483.398,3310886.658
57.2,-0.216,-1.407,0.756,0.038,-0.048,577440.106,3315085.938
57.3,-0.217,-1.328,0.819,0.033,-0.045,585090.567,3320308.588
57.4,-0.216,-1.243,0.871,0.029,-0.041,593343.081,3326493.882
57.5,-0.211,-1.154,0.917,0.025,-0.037,602115.451,3333558.618
57.6,-0.201,-1.06,0.954,0.022,-0.032,611335.038,3341425.52
57.7,-0.184,-0.963,0.982,0.019,-0.025,620906.042,3349945.132
57.8,-0.161,-0.864,1.0,0.017,-0.017,630753.28,3358968.348
57.9,-0.13,-0.764,1.009,0.015,-0.009,640766.978,3368297.948
58.0,-0.093,-0.663,1.011,0.015,-0.0,650845.612,3377747.265
58.1,-0.05,-0.562,1.005,0.015,0.008,660945.501,3387197.762
58.2,-0.003,-0.462,0.997,0.017,0.015,670982.296,3396512.468
58.3,0.047,-0.362,0.985,0.018,0.02,680919.316,3405626.52
58.4,0.098,-0.265,0.967,0.021,0.024,690745.317,3414477.172
58.5,0.148,-0.169,0.944,0.023,0.025,700380.943,3422936.62
58.6,0.197,-0.076,0.918,0.026,0.026,709758.721,3430908.074
58.7,0.242,0.014,0.888,0.028,0.024,718893.625,3438390.013
58.8,0.281,0.101,0.856,0.03,0.02,727724.544,3445314.125
58.9,0.315,0.185,0.823,0.032,0.014,736206.584,3451647.336
59.0,0.342,0.266,0.79,0.033,0.007,744389.549,3457451.498
59.1,0.363,0.343,0.756,0.033,0.001,752234.696,3462712.421
59.2,0.377,0.417,0.722,0.033,-0.006,759715.395,3467430.211
59.3,0.384,0.488,0.687,0.032,-0.012,766881.679,3471657.927
59.4,0.387,0.555,0.653,0.031,-0.018,773698.261,3475399.139
59.5,0.385,0.618,0.622,0.029,-0.024,780155.521,3478683.857
59.6,0.38,0.679,0.593,0.026,-0.028,786336.669,3481601.458
59.7,0.373,0.737,0.565,0.023,-0.031,792221.637,3484164.33
59.8,0.366,0.792,0.539,0.02,-0.033,797802.847,3486394.587
59.9,0.359,0.845,0.513,0.017,-0.033,803151.643,3488355.865
60.0,0.354,0.895,0.488,0.013,-0.031,808243.256,3490048.671
60.1,0.352,0.943,0.465,0.011,-0.028,813063.29,3491486.023
60.2,0.353,0.988,0.445,0.008,-0.024,817687.868,3492730.23
60.3,0.357,1.032,0.425,0.006,-0.019,822108.996,3493791.521
60.4,0.365,1.073,0.403,0.004,-0.014,826307.609,3494665.673
60.5,0.377,1.112,0.375,0.003,-0.008,830298.72,3495352.22
60.6,0.392,1.148,0.339,0.002,-0.003,833994.793,3495802.667
60.7,0.41,1.179,0.295,0.002,0.001,837306.001,3495980.559
60.8,0.43,1.206,0.242,0.003,0.005,840555.422,3495979.371
60.9,0.452,1.227,0.172,0.003,0.007,844744.257,3495979.371
61.0,0.473,1.24,0.075,0.004,0.008,851526.373,3495979.371
61.1,0.493,1.242,-0.015,0.005,0.008,856832.245,3495970.653
61.2,0.511,1.241,-0.02,0.006,0.007,851470.555,3496147.06
61.3,0.526,1.239,-0.021,0.006,0.004,845480.796,3496480.927
61.4,0.536,1.237,-0.007,0.006,0.0,837463.826,3496858.646
61.5,0.54,1.236,-0.019,0.006,-0.005,832662.759,3497303.896
61.6,0.539,1.234,-0.007,0.005,-0.011,824712.379,3497596.439
61.7,0.53,1.233,-0.02,0.004,-0.018,819843.32,3498042.31
61.8,0.514,1.231,-0.007,0.002,-0.024,811940.605,3498332.169
61.9,0.491,1.229,-0.019,-0.001,-0.03,807129.523,3498761.64
62.0,0.46,1.228,-0.007,-0.004,-0.036,799163.344,3499053.821
62.1,0.422,1.226,-0.022,-0.008,-0.04,794174.494,3499537.461
62.2,0.378,1.224,-0.023,-0.012,-0.043,786753.727,3499799.671
62.3,0.328,1.223,-0.009,-0.016,-0.044,776304.962,3500154.921
62.4,0.274,1.221,-0.016,-0.021,-0.043,767029.534,3500666.78
62.5,0.217,1.219,-0.02,-0.025,-0.04,755808.707,3501077.978
62.6,0.158,1.217,-0.026,-0.029,-0.036,743388.673,3501648.567
62.7,0.1,1.214,-0.035,-0.032,-0.03,730183.501,3502442.082
62.8,0.042,1.21,-0.057,-0.035,-0.023,717438.63,3503564.223
62.9,-0.012,1.202,-0.113,-0.037,-0.015,707959.31,3505065.376
63.0,-0.061,1.186,-0.209,-0.038,-0.006,702454.024,3506761.219
63.1,-0.105,1.159,-0.326,-0.038,0.002,699054.072,3508529.183
63.2,-0.142,1.121,-0.443,-0.037,0.011,695648.159,3510720.262
63.3,-0.172,1.071,-0.546,-0.036,0.018,691077.807,3513850.908
63.4,-0.194,1.012,-0.636,-0.034,0.025,685513.163,3517998.264
63.5,-0.208,0.945,-0.708,-0.031,0.032,679049.965,3523185.759
63.6,-0.213,0.871,-0.763,-0.027,0.039,671893.124,3529279.16
63.7,-0.211,0.793,-0.801,-0.023,0.046,664251.605,3536072.143
63.8,-0.202,0.711,-0.826,-0.018,0.053,656204.16,3543430.511
63.9,-0.187,0.628,-0.836,-0.012,0.06,647930.91,3551108.417
64.0,-0.166,0.544,-0.836,-0.006,0.066,639614.723,3558859.181
64.1,-0.14,0.461,-0.829,0.001,0.072,631260.487,3566612.724
64.2,-0.112,0.378,-0.816,0.008,0.077,622989.016,3574217.113
64.3,-0.081,0.298,-0.795,0.016,0.081,614894.48,3581543.915
64.4,-0.048,0.22,-0.765,0.024,0.082,606982.589,3588525.478
64.5,-0.015,0.145,-0.727,0.033,0.081,599388.382,3595006.644
64.6,0.017,0.074,-0.684,0.041,0.077,592211.599,3600894.459
64.7,0.049,0.008,-0.635,0.048,0.07,585436.108,3606199.001
64.8,0.079,-0.052,-0.58,0.055,0.061,579164.074,3610849.905
64.9,0.106,-0.108,-0.527,0.06,0.05,573457.404,3614857.35
65.0,0.131,-0.158,-0.474,0.064,0.036,568259.895,3618315.239
65.1,0.153,-0.203,-0.42,0.067,0.019,563595.27,3621263.659
65.2,0.172,-0.242,-0.364,0.068,0.0,559484.839,3623744.955
65.3,0.186,-0.276,-0.309,0.067,-0.02,555916.976,3625820.636
65.4,0.196,-0.304,-0.255,0.064,-0.041,552748.62,3627588.274
65.5,0.201,-0.326,-0.196,0.059,-0.061,548879.006,3629327.574
65.6,0.202,-0.343,-0.13,0.052,-0.08,543617.204,3631032.13
65.7,0.196,-0.352,-0.039,0.043,-0.097,534504.679,3632536.217
65.8,0.185,-0.352,0.006,0.033,-0.111,531501.135,3632460.934
65.9,0.167,-0.352,0.004,0.021,-0.121,532022.855,3632463.797
66.0,0.143,-0.352,0.003,0.009,-0.128,532022.855,3632463.797
66.1,0.112,-0.352,0.003,-0.004,-0.132,532022.855,3632463.797
66.2,0.075,-0.352,0.003,-0.018,-0.132,532022.855,3632463.797
66.3,0.031,-0.352,0.003,-0.031,-0.13,532022.855,3632463.797
66.4,-0.019,-0.352,0.003,-0.043,-0.123,532022.855,3632463.797
66.5,-0.074,-0.352,0.003,-0.055,-0.114,532022.855,3632463.797
66.6,-0.134,-0.352,-0.005,-0.066,-0.101,530973.324,3632487.746
66.7,-0.198,-0.353,-0.007,-0.075,-0.085,526931.924,3632532.11
66.8,-0.265,-0.354,-0.016,-0.083,-0.069,522724.391,3632658.756
66.9,-0.333,-0.359,-0.07,-0.089,-0.053,523513.262,3632770.92
67.0,-0.403,-0.364,-0.039,-0.094,-0.037,511663.634,3634072.117
67.1,-0.471,-0.367,-0.017,-0.097,-0.022,499273.057,3634712.54
67.2,-0.538,-0.368,-0.019,-0.098,-0.007,488338.4,3635092.676
67.3,-0.601,-0.371,-0.025,-0.098,0.006,476181.986,3635622.202
67.4,-0.66,-0.374,-0.037,-0.097,0.02,463003.685,3636415.889
67.5,-0.714,-0.378,-0.067,-0.094,0.032,450694.033,3637614.724
67.6,-0.762,-0.388,-0.14,-0.09,0.044,442490.256,3639194.57
67.7,-0.803,-0.408,-0.247,-0.086,0.054,437881.219,3640915.997
67.8,-0.836,-0.438,-0.369,-0.08,0.063,434849.136,3642723.618
67.9,-0.861,-0.481,-0.483,-0.073,0.071,431012.921,3645237.645
68.0,-0.878,-0.534,-0.582,-0.066,0.077,426043.21,3648750.184
68.1,-0.886,-0.597,-0.661,-0.058,0.083,420117.522,3653285.737
68.2,-0.885,-0.666,-0.722,-0.049,0.087,413449.164,3658736.948
68.3,-0.877,-0.74,-0.76,-0.04,0.091,406177.866,3664953.202
68.4,-0.86,-0.817,-0.776,-0.031,0.095,398555.569,3671631.057
68.5,-0.835,-0.895,-0.77,-0.021,0.098,390832.091,3678426.226
68.6,-0.803,-0.971,-0.746,-0.011,0.1,383161.268,3685057.769
68.7,-0.765,-1.044,-0.709,-0.001,0.102,375755.394,3691267.604
68.8,-0.721,-1.112,-0.662,0.009,0.102,368747.055,3696905.372
68.9,-0.672,-1.176,-0.603,0.019,0.099,362204.653,3701883.461
69.0,-0.62,-1.233,-0.533,0.029,0.095,356277.261,3706101.725
69.1,-0.565,-1.282,-0.453,0.038,0.089,351062.268,3709535.897
69.2,-0.509,-1.323,-0.364,0.047,0.081,346650.773,3712210.367
69.3,-0.453,-1.355,-0.268,0.054,0.071,343076.308,3714217.049
69.4,-0.397,-1.376,-0.157,0.061,0.06,338945.516,3715948.649
69.5,-0.343,-1.385,-0.006,0.066,0.047,330303.542,3717278.799
69.6,-0.291,-1.383,0.033,0.07,0.034,340122.589,3717270.195
69.7,-0.242,-1.378,0.063,0.073,0.021,352706.531,3717270.195
69.8,-0.196,-1.369,0.126,0.074,0.01,361464.779,3717270.195
69.9,-0.153,-1.352,0.22,0.075,0.002,366580.271,3717270.195
70.0,-0.114,-1.324,0.33,0.075,-0.003,369885.234,3717293.802
70.1,-0.077,-1.286,0.443,0.074,-0.005,373335.146,3717761.107
70.2,-0.043,-1.236,0.549,0.074,-0.005,377909.37,3719173.603
70.3,-0.009,-1.176,0.648,0.074,-0.002,383528.95,3721694.238
70.4,0.024,-1.107,0.74,0.074,0.002,390132.639,3725450.467
70.5,0.058,-1.029,0.825,0.074,0.007,397646.875,3730524.24
70.6,0.094,-0.942,0.907,0.075,0.013,406006.24,3736977.803
70.7,0.134,-0.847,0.987,0.077,0.017,415183.391,3744899.291
70.8,0.177,-0.745,1.066,0.079,0.022,425156.507,3754405.693
70.9,0.226,-0.634,1.14,0.081,0.027,435908.18,3765561.155
71.0,0.28,-0.517,1.208,0.084,0.03,447397.7,3778380.536
71.1,0.339,-0.393,1.271,0.087,0.031,459559.479,3792830.769
71.2,0.403,-0.263,1.33,0.09,0.03,472331.381,3808874.999
71.3,0.473,-0.127,1.383,0.093,0.028,485646.741,3826472.833
71.4,0.546,0.014,1.434,0.095,0.023,498980.287,3844814.939
71.5,0.621,0.16,1.485,0.098,0.019,512313.62,3863818.622
71.6,0.698,0.311,1.534,0.099,0.012,525646.953,3883505.042
71.7,0.775,0.466,1.574,0.1,0.004,538980.287,3903792.339
71.8,0.849,0.625,1.604,0.1,-0.007,552313.62,3924551.131
71.9,0.92,0.786,1.618,0.099,-0.019,565646.953,3945610.482
72.0,0.985,0.948,1.611,0.096,-0.032,578980.287,3966722.554
72.1,1.044,1.108,1.577,0.092,-0.043,592313.62,3987570.224
72.2,1.094,1.263,1.52,0.087,-0.053,605646.953,4007798.687
72.3,1.136,1.411,1.444,0.082,-0.062,618980.287,4027140.362
72.4,1.168,1.551,1.352,0.075,-0.07,632313.62,4045355.51
72.5,1.19,1.681,1.244,0.068,-0.076,645546.045,4062089.922
72.6,1.202,1.8,1.128,0.06,-0.081,657823.617,4076054.077
72.7,1.204,1.907,1.011,0.051,-0.085,668883.74,4087203.09
72.8,1.198,2.002,0.889,0.043,-0.087,678817.964,4095910.243
72.9,1.183,2.085,0.766,0.034,-0.086,687528.657,4102345.673
73.0,1.16,2.155,0.649,0.026,-0.084,694979.593,4106807.225
73.1,1.131,2.215,0.539,0.017,-0.081,701307.068,4109734.526
73.2,1.097,2.263,0.434,0.009,-0.075,706546.058,4111434.823
73.3,1.059,2.302,0.333,0.002,-0.069,710716.011,4112170.888
73.4,1.017,2.33,0.231,-0.004,-0.061,714081.478,4112245.005
73.5,0.973,2.347,0.107,-0.01,-0.052,719234.213,4112245.085
73.6,0.928,2.35,-0.026,-0.015,-0.044,724777.957,4112334.384
73.7,0.881,2.348,-0.016,-0.019,-0.035,713340.831,4112770.68
73.8,0.834,2.346,-0.018,-0.022,-0.026,702591.033,4113133.879
73.9,0.786,2.344,-0.021,-0.024,-0.018,691027.951,4113581.776
74.0,0.739,2.342,-0.027,-0.025,-0.011,678452.443,4114181.386
74.1,0.692,2.338,-0.041,-0.026,-0.004,665215.261,4115052.591
74.2,0.646,2.333,-0.087,-0.026,0.001,653852.286,4116376.219
74.3,0.6,2.319,-0.194,-0.026,0.006,647452.819,4118038.607
74.4,0.554,2.292,-0.339,-0.025,0.01,643979.433,4119814.72
74.5,0.508,2.251,-0.494,-0.024,0.012,640398.074,4122190.875
74.6,0.462,2.194,-0.639,-0.023,0.014,635257.227,4125967.583
74.7,0.417,2.124,-0.772,-0.021,0.014,628683.57,4131448.88
74.8,0.371,2.04,-0.893,-0.02,0.014,620822.629,4138811.416
74.9,0.326,1.945,-0.998,-0.018,0.013,611740.831,4148184.051
75.0,0.28,1.841,-1.086,-0.017,0.012,601638.613,4159461.831
75.1,0.234,1.729,-1.159,-0.016,0.01,590722.432,4172431.147
75.2,0.187,1.61,-1.211,-0.015,0.008,579054.258,4186934.627
75.3,0.14,1.487,-1.247,-0.014,0.006,566896.584,4202519.329
75.4,0.093,1.361,-1.27,-0.014,0.004,554457.667,4218787.072
75.5,0.046,1.234,-1.279,-0.014,0.001,541747.27,4235575.611
75.6,-0.001,1.106,-1.277,-0.014,-0.002,528967.014,4252492.451
75.7,-0.048,0.978,-1.271,-0.014,-0.005,516272.255,4269250.455
75.8,-0.094,0.852,-1.261,-0.015,-0.007,503582.077,4285897.93
75.9,-0.14,0.726,-1.247,-0.015,-0.009,490996.679,4302280.337
76.0,-0.185,0.602,-1.232,-0.016,-0.01,478616.497,4318235.282
76.1,-0.229,0.48,-1.216,-0.017,-0.011,466321.841,4333899.815
76.2,-0.27,0.359,-1.203,-0.018,-0.011,454189.175,4349198.591
76.3,-0.311,0.239,-1.195,-0.019,-0.011,442239.179,4364160.455
76.4,-0.349,0.12,-1.19,-0.021,-0.011,430298.057,4379041.092
76.5,-0.384,0.001,-1.184,-0.022,-0.01,418416.14,4393792.413
76.6,-0.418,-0.117,-1.181,-0.023,-0.01,406637.879,4408372.541
76.7,-0.449,-0.235,-1.176,-0.024,-0.01,394837.942,4422929.95
76.8,-0.479,-0.352,-1.169,-0.025,-0.01,383095.903,4437354.79
76.9,-0.507,-0.469,-1.161,-0.026,-0.01,371473.093,4451559.768
77.0,-0.535,-0.584,-1.145,-0.027,-0.01,359885.177,4465597.336
77.1,-0.562,-0.698,-1.125,-0.028,-0.011,348468.236,4479231.4
77.2,-0.589,-0.809,-1.103,-0.029,-0.013,337293.977,4492368.999
77.3,-0.617,-0.918,-1.073,-0.03,-0.015,326306.318,4505030.338
77.4,-0.646,-1.023,-1.036,-0.032,-0.016,315624.618,4517016.547
77.5,-0.676,-1.125,-0.993,-0.033,-0.018,305349.958,4528172.239
77.6,-0.709,-1.222,-0.946,-0.035,-0.018,295488.113,4538473.107
77.7,-0.743,-1.314,-0.898,-0.037,-0.016,286091.787,4547898.227
77.8,-0.779,-1.401,-0.845,-0.038,-0.012,277204.951,4556423.79
77.9,-0.815,-1.483,-0.789,-0.039,-0.007,268827.791,4564066.049
78.0,-0.851,-1.559,-0.73,-0.04,-0.0,261018.685,4570805.746
78.1,-0.887,-1.629,-0.668,-0.039,0.008,253819.411,4576657.632
78.2,-0.92,-1.692,-0.603,-0.038,0.018,247231.86,4581678.605
78.3,-0.949,-1.75,-0.537,-0.036,0.028,241289.914,4585913.747
78.4,-0.973,-1.8,-0.471,-0.032,0.039,236015.2,4589427.951
78.5,-0.991,-1.844,-0.403,-0.028,0.05,231402.798,4592306.823
78.6,-1.002,-1.881,-0.335,-0.022,0.06,227467.959,4594630.262
78.7,-1.004,-1.911,-0.267,-0.016,0.069,224150.067,4596504.075
78.8,-0.997,-1.934,-0.191,-0.009,0.078,220331.12,4598243.804
78.9,-0.981,-1.948,-0.098,-0.001,0.084,214415.905,4599925.719
79.0,-0.956,-1.952,-0.01,0.008,0.089,209498.746,4600719.963
79.1,-0.922,-1.952,0.012,0.017,0.092,214792.871,4600729.211
79.2,-0.882,-1.951,0.013,0.026,0.092,223739.107,4600729.211
79.3,-0.836,-1.949,0.015,0.036,0.09,233253.34,4600729.211
79.4,-0.787,-1.948,0.016,0.044,0.085,243393.759,4600729.211
79.5,-0.735,-1.946,0.018,0.052,0.076,254190.215,4600729.211
79.6,-0.683,-1.944,0.02,0.059,0.064,265630.916,4600729.211
79.7,-0.633,-1.942,0.022,0.065,0.05,277681.64,4600729.211
79.8,-0.587,-1.94,0.025,0.069,0.033,290287.501,4600729.211
79.9,-0.545,-1.937,0.03,0.072,0.015,303351.72,4600729.211
80.0,-0.51,-1.934,0.036,0.072,-0.003,316658.838,4600729.211
80.1,-0.481,-1.929,0.049,0.071,-0.02,329621.519,4600729.211
80.2,-0.459,-1.923,0.077,0.068,-0.035,340815.551,4600729.211
80.3,-0.443,-1.913,0.13,0.064,-0.048,348805.421,4600729.211
80.4,-0.433,-1.897,0.204,0.059,-0.058,354026.507,4600729.211
80.5,-0.427,-1.872,0.291,0.053,-0.065,357593.649,4600729.207
80.6,-0.425,-1.838,0.383,0.046,-0.069,360624.997,4600879.516
80.7,-0.425,-1.795,0.468,0.039,-0.07,364573.804,4601696.428
80.8,-0.424,-1.745,0.546,0.032,-0.068,369361.079,4603271.041
80.9,-0.423,-1.686,0.617,0.025,-0.063,374922.987,4605661.986
81.0,-0.418,-1.622,0.679,0.019,-0.057,381174.606,4608878.254
81.1,-0.41,-1.551,0.733,0.014,-0.049,388029.669,4612894.149
81.2,-0.397,-1.475,0.779,0.01,-0.041,395420.276,4617669.483
81.3,-0.379,-1.396,0.817,0.006,-0.032,403260.168,4623124.959
81.4,-0.356,-1.312,0.851,0.003,-0.022,411467.763,4629178.161
81.5,-0.329,-1.226,0.877,0.002,-0.012,420016.319,4635785.345
81.6,-0.298,-1.137,0.893,0.001,-0.003,428807.797,4642793.736
81.7,-0.264,-1.047,0.901,0.001,0.004,437740.168,4650037.37
81.8,-0.229,-0.957,0.9,0.002,0.01,446747.857,4657380.934
81.9,-0.193,-0.868,0.891,0.003,0.015,455732.85,4664657.86
82.0,-0.158,-0.779,0.875,0.005,0.02,464605.412,4671719.683
82.1,-0.124,-0.693,0.853,0.007,0.024,473325.546,4678478.079
82.2,-0.094,-0.609,0.826,0.009,0.027,481818.195,4684826.277
82.3,-0.066,-0.528,0.8,0.012,0.028,490029.171,4690710.04
82.4,-0.041,-0.449,0.773,0.015,0.027,497994.635,4696176.727
82.5,-0.02,-0.373,0.743,0.017,0.023,505679.067,4701196.276
82.6,-0.002,-0.3,0.714,0.019,0.017,513054.107,4705757.668
82.7,0.014,-0.23,0.685,0.021,0.01,520155.836,4709907.397
82.8,0.028,-0.163,0.657,0.021,0.003,526966.918,4713653.309
82.9,0.041,-0.099,0.632,0.021,-0.001,533482.445,4717020.84
83.0,0.054,-0.037,0.61,0.021,-0.005,539769.888,4720087.258
83.1,0.068,0.023,0.59,0.021,-0.007,545835.515,4722885.114
83.2,0.084,0.082,0.575,0.02,-0.008,551692.447,4725453.909
83.3,0.102,0.139,0.56,0.019,-0.009,557424.607,4727862.639
83.4,0.123,0.194,0.548,0.018,-0.01,563008.109,4730108.664
83.5,0.146,0.248,0.54,0.017,-0.009,568451.622,4732217.959
83.6,0.173,0.302,0.534,0.016,-0.008,573839.496,4734258.068
83.7,0.202,0.355,0.531,0.015,-0.007,579169.66,4736242.218
83.8,0.233,0.408,0.531,0.015,-0.005,584449.293,4738189.504
83.9,0.266,0.461,0.532,0.014,-0.003,589755.376,4740155.813
84.0,0.3,0.515,0.535,0.014,-0.001,595076.94,4742143.041
84.1,0.333,0.568,0.54,0.014,0.001,600408.368,4744156.224
84.2,0.366,0.623,0.545,0.014,0.003,605813.151,4746236.984
84.3,0.398,0.677,0.549,0.015,0.004,611264.772,4748370.203
84.4,0.428,0.733,0.554,0.015,0.004,616739.067,4750541.247
84.5,0.455,0.788,0.557,0.015,0.004,622282.786,4752773.242
84.6,0.481,0.844,0.558,0.016,0.003,627850.412,4755029.115
84.7,0.503,0.9,0.557,0.016,0.002,633398.137,4757272.252
84.8,0.523,0.955,0.552,0.016,0.0,638957.243,4759507.248
84.9,0.541,1.01,0.544,0.016,-0.002,644464.096,4761677.915
85.0,0.557,1.064,0.533,0.016,-0.004,649860.689,4763733.924
85.1,0.571,1.116,0.516,0.015,-0.006,655164.077,4765665.589
85.2,0.583,1.167,0.494,0.015,-0.008,660293.281,4767405.501
85.3,0.595,1.215,0.469,0.014,-0.01,665176.029,4768900.496
85.4,0.605,1.26,0.439,0.013,-0.011,669820.297,4770148.686
85.5,0.615,1.303,0.407,0.011,-0.012,674163.269,4771123.286
85.6,0.624,1.342,0.377,0.01,-0.013,678173.481,4771828.145
85.7,0.634,1.378,0.348,0.009,-0.012,681901.43,4772308.013
85.8,0.643,1.412,0.321,0.008,-0.012,685338.43,4772582.838
85.9,0.652,1.442,0.296,0.007,-0.011,688492.839,4772679.192
86.0,0.661,1.471,0.272,0.006,-0.009,691578.703,4772678.543
86.1,0.67,1.497,0.243,0.005,-0.007,694973.67,4772678.543
86.2,0.679,1.519,0.209,0.004,-0.005,698817.064,4772678.543
86.3,0.687,1.538,0.167,0.004,-0.003,703392.744,4772678.543
86.4,0.696,1.552,0.11,0.004,-0.001,709448.387,4772678.543
86.5,0.704,1.559,0.012,0.004,0.001,720257.913,4772678.492
86.6,0.712,1.559,0.002,0.004,0.003,721276.038,4772678.434
86.7,0.72,1.559,0.002,0.004,0.005,721276.038,4772678.434
86.8,0.727,1.559,0.002,0.005,0.007,721276.038,4772678.434
86.9,0.734,1.559,0.002,0.006,0.008,721276.038,4772678.434
87.0,0.74,1.559,0.002,0.007,0.009,721276.038,4772678.434
87.1,0.746,1.559,0.002,0.007,0.01,721276.038,4772678.434
87.2,0.751,1.559,0.002,0.008,0.01,721276.038,4772678.434
87.3,0.754,1.559,0.002,0.009,0.009,721276.038,4772678.434
87.4,0.757,1.559,0.002,0.01,0.009,721276.038,4772678.434
87.5,0.758,1.559,0.002,0.011,0.007,721276.038,4772678.434
87.6,0.757,1.559,0.001,0.012,0.005,721276.038,4772678.434
87.7,0.754,1.559,-0.001,0.012,0.003,720548.063,4772679.111
87.8,0.749,1.558,-0.01,0.012,0.0,718264.8,4772743.062
87.9,0.741,1.557,-0.005,0.012,-0.003,713750.912,4772806.008
88.0,0.731,1.556,-0.006,0.012,-0.006,709423.588,4772852.302
88.1,0.718,1.555,-0.007,0.011,-0.009,704505.374,4772931.513
88.2,0.702,1.555,-0.018,0.01,-0.012,699880.552,4773017.096
88.3,0.684,1.553,-0.008,0.009,-0.015,691741.756,4773303.175
88.4,0.663,1.551,-0.015,0.007,-0.018,684737.426,4773893.557
88.5,0.639,1.55,-0.014,0.005,-0.021,675449.446,4774264.552
88.6,0.613,1.548,-0.017,0.003,-0.023,665357.794,4774669.315
88.7,0.583,1.546,-0.021,0.0,-0.025,654016.293,4775093.049
88.8,0.551,1.544,-0.026,-0.002,-0.026,641541.007,4775673.235
88.9,0.516,1.541,-0.036,-0.005,-0.027,628322.529,4776477.476
89.0,0.477,1.536,-0.061,-0.008,-0.027,615747.895,4777632.649
89.1,0.435,1.527,-0.126,-0.01,-0.028,606864.039,4779172.62
89.2,0.389,1.51,-0.23,-0.013,-0.027,601846.656,4780882.986
89.3,0.339,1.481,-0.353,-0.016,-0.027,598667.989,4782675.827
89.4,0.285,1.439,-0.474,-0.019,-0.026,594976.837,4785081.686
89.5,0.226,1.386,-0.586,-0.021,-0.026,590102.78,4788531.61
89.6,0.163,1.323,-0.689,-0.024,-0.026,584096.137,4793209.653
89.7,0.095,1.249,-0.781,-0.026,-0.025,577085.014,4799190.451
89.8,0.023,1.167,-0.865,-0.029,-0.025,569199.458,4806488.904
89.9,-0.053,1.076,-0.94,-0.031,-0.025,560444.158,4815178.276
90.0,-0.132,0.979,-1.007,-0.034,-0.024,550953.579,4825182.912
90.1,-0.213,0.875,-1.07,-0.036,-0.024,540846.724,4836417.707
90.2,-0.296,0.765,-1.126,-0.039,-0.023,530071.941,4848957.9
90.3,-0.379,0.65,-1.177,-0.041,-0.023,518748.146,4862681.634
90.4,-0.461,0.53,-1.229,-0.043,-0.022,506970.271,4877498.804
90.5,-0.541,0.404,-1.28,-0.045,-0.022,494617.257,4893609.451
90.6,-0.618,0.274,-1.327,-0.047,-0.02,481763.563,4910924.386
90.7,-0.69,0.139,-1.373,-0.049,-0.019,468550.87,4929260.296
90.8,-0.758,-0.001,-1.42,-0.051,-0.017,455216.391,4948327.484
90.9,-0.819,-0.145,-1.464,-0.053,-0.015,441883.058,4968003.054
91.0,-0.873,-0.293,-1.508,-0.054,-0.012,428549.724,4988267.583
91.1,-0.921,-0.446,-1.545,-0.055,-0.008,415216.391,5009081.657
91.2,-0.963,-0.602,-1.573,-0.056,-0.003,401883.058,5030328.918
91.3,-0.998,-0.761,-1.59,-0.056,0.002,388549.724,5051869.388
91.4,-1.027,-0.92,-1.59,-0.055,0.008,375216.391,5073535.534
91.5,-1.05,-1.078,-1.57,-0.054,0.014,361883.058,5095082.345
91.6,-1.07,-1.233,-1.527,-0.052,0.021,348549.724,5116187.863
91.7,-1.085,-1.383,-1.464,-0.05,0.028,335216.391,5136598.845
91.8,-1.098,-1.525,-1.379,-0.047,0.035,321883.058,5156025.862
91.9,-1.108,-1.658,-1.279,-0.043,0.043,308611.374,5174135.591
92.0,-1.115,-1.781,-1.169,-0.038,0.051,295962.767,5190222.572
92.1,-1.121,-1.891,-1.048,-0.033,0.06,284440.332,5203682.047
92.2,-1.125,-1.99,-0.921,-0.026,0.069,274146.616,5214560.301
92.3,-1.126,-2.076,-0.789,-0.019,0.078,265116.598,5223066.07
92.4,-1.124,-2.148,-0.655,-0.011,0.087,257413.817,5229442.132
92.5,-1.118,-2.207,-0.52,-0.002,0.096,251064.245,5234019.458
92.6,-1.108,-2.252,-0.382,0.008,0.104,246054.396,5237145.973
92.7,-1.092,-2.283,-0.242,0.019,0.11,242299.528,5239191.163
92.8,-1.069,-2.299,-0.082,0.03,0.115,236773.525,5240879.727
92.9,-1.039,-2.299,0.074,0.042,0.118,232843.081,5241256.967
93.0,-1.001,-2.287,0.158,0.054,0.118,240397.503,5241257.349
93.1,-0.954,-2.266,0.267,0.066,0.116,244586.087,5241257.349
93.2,-0.899,-2.234,0.387,0.077,0.112,247540.656,5241348.723
93.3,-0.834,-2.189,0.5,0.088,0.105,251567.948,5242274.676
93.4,-0.762,-2.134,0.605,0.098,0.096,256708.791,5244267.083
93.5,-0.682,-2.069,0.7,0.107,0.084,262886.963,5247466.163
93.6,-0.596,-1.994,0.786,0.115,0.07,270004.741,5251940.692
93.7,-0.506,-1.912,0.862,0.121,0.054,277960.693,5257702.399
93.8,-0.413,-1.822,0.929,0.126,0.038,286676.476,5264736.785
93.9,-0.318,-1.726,0.988,0.128,0.02,296051.739,5272971.244
94.0,-0.224,-1.625,1.039,0.13,0.003,305993.06,5282312.698
94.1,-0.132,-1.519,1.084,0.129,-0.013,316446.467,5292693.983
94.2,-0.044,-1.408,1.124,0.127,-0.028,327339.602,5304020.12
94.3,0.038,-1.294,1.16,0.124,-0.041,338615.834,5316218.164
94.4,0.115,-1.176,1.196,0.119,-0.051,350267.306,5329284.1
94.5,0.184,-1.055,1.23,0.113,-0.058,362269.486,5343203.148
94.6,0.245,-0.93,1.265,0.107,-0.063,374608.345,5357984.725
94.7,0.3,-0.802,1.299,0.101,-0.065,387305.784,5373687.859
94.8,0.347,-0.67,1.331,0.094,-0.064,400342.117,5390302.017
94.9,0.389,-0.536,1.369,0.088,-0.062,413650.461,5407786.985
95.0,0.425,-0.397,1.408,0.082,-0.058,426984.048,5425854.031
95.1,0.457,-0.254,1.447,0.077,-0.053,440317.382,5444443.835
95.2,0.487,-0.107,1.485,0.072,-0.048,453650.715,5463543.123
95.3,0.516,0.043,1.525,0.067,-0.044,466984.048,5483153.125
95.4,0.546,0.198,1.569,0.063,-0.041,480317.382,5503342.091
95.5,0.578,0.357,1.609,0.059,-0.037,493650.715,5524089.586
95.6,0.613,0.519,1.643,0.055,-0.032,506984.048,5545333.882
95.7,0.652,0.685,1.663,0.052,-0.025,520317.382,5566959.409
95.8,0.696,0.851,1.664,0.05,-0.018,533650.715,5588713.511
95.9,0.746,1.017,1.645,0.049,-0.011,546984.048,5610353.257
96.0,0.801,1.18,1.606,0.048,-0.004,560317.382,5631606.169
96.1,0.861,1.338,1.547,0.048,0.002,573650.715,5652201.202
96.2,0.925,1.488,1.466,0.048,0.006,586984.048,5671873.421
96.3,0.992,1.63,1.368,0.049,0.01,600317.382,5690342.562
96.4,1.061,1.762,1.259,0.05,0.011,613565.754,5707291.795
96.5,1.13,1.882,1.146,0.051,0.012,625999.873,5721653.54
96.6,1.197,1.991,1.032,0.053,0.01,637296.273,5733290.618
96.7,1.261,2.089,0.92,0.053,0.007,647405.191,5742431.054
96.8,1.32,2.175,0.806,0.054,0.003,656441.809,5749467.069
96.9,1.372,2.25,0.694,0.054,-0.003,664341.959,5754597.933
97.0,1.414,2.314,0.586,0.053,-0.011,671088.633,5758090.928
97.1,1.447,2.367,0.482,0.052,-0.019,676797.726,5760295.824
97.2,1.469,2.41,0.384,0.049,-0.028,681473.749,5761462.407
97.3,1.478,2.444,0.295,0.046,-0.037,685167.906,5761846.293
97.4,1.474,2.47,0.208,0.042,-0.046,688656.707,5761843.787
97.5,1.458,2.486,0.108,0.037,-0.054,694120.155,5761843.787
97.6,1.429,2.49,0.015,0.031,-0.062,698844.727,5761987.156
97.7,1.388,2.49,-0.019,0.025,-0.069,696630.737,5762152.912
97.8,1.336,2.488,-0.023,0.018,-0.074,690625.836,5762490.153
97.9,1.273,2.487,-0.025,0.01,-0.077,683846.794,5762951.575
98.0,1.201,2.485,-0.034,0.002,-0.078,676547.128,5763484.227
98.1,1.12,2.482,-0.02,-0.005,-0.076,664512.334,5764207.827
98.2,1.033,2.48,-0.026,-0.013,-0.072,652332.442,5764740.91
98.3,0.94,2.477,-0.047,-0.02,-0.064,639196.545,5765647.368
98.4,0.842,2.469,-0.123,-0.026,-0.055,629388.679,5767110.614
98.5,0.74,2.45,-0.268,-0.031,-0.045,624667.825,5768827.721
98.6,0.635,2.414,-0.45,-0.035,-0.035,621675.234,5770787.378
98.7,0.528,2.36,-0.635,-0.038,-0.025,616915.947,5774242.711
98.8,0.418,2.287,-0.818,-0.04,-0.017,610336.151,5779866.846
98.9,0.307,2.197,-0.993,-0.041,-0.01,601911.586,5788299.585
99.0,0.194,2.089,-1.158,-0.042,-0.005,591750.975,5799977.579
99.1,0.079,1.965,-1.312,-0.042,-0.002,580002.133,5815152.289
99.2,-0.037,1.827,-1.451,-0.042,-0.0,566823.212,5833867.044
99.3,-0.155,1.675,-1.585,-0.042,-0.0,553488.329,5854554.702
99.4,-0.274,1.51,-1.715,-0.042,-0.002,540154.996,5877001.754
99.5,-0.393,1.333,-1.839,-0.043,-0.004,526821.662,5901149.235
99.6,-0.513,1.143,-1.955,-0.043,-0.006,513488.329,5926896.194
99.7,-0.633,0.942,-2.066,-0.044,-0.009,500154.996,5954150.46
99.8,-0.75,0.73,-2.169,-0.045,-0.011,486821.662,5982845.314
99.9,-0.866,0.508,-2.261,-0.046,-0.014,473488.329,6012839.408
100.0,-0.977,0.278,-2.348,-0.048,-0.017,460154.996,6044016.217
100.1,-1.083,0.039,-2.426,-0.05,-0.019,446821.662,6076298.848
100.2,-1.182,-0.207,-2.497,-0.051,-0.017,433488.329,6109567.271
100.3,-1.273,-0.46,-2.566,-0.053,-0.016,420154.996,6143772.655
100.4,-1.356,-0.72,-2.619,-0.054,-0.013,406821.662,6178801.151
100.5,-1.428,-0.984,-2.652,-0.056,-0.008,393488.329,6214428.236
100.6,-1.489,-1.249,-2.65,-0.056,-0.001,380154.996,6250265.711
100.7,-1.539,-1.512,-2.602,-0.056,0.008,366821.662,6285783.184
100.8,-1.578,-1.767,-2.494,-0.054,0.021,353488.329,6320258.525
100.9,-1.605,-2.01,-2.354,-0.051,0.039,340154.996,6353054.173
101.0,-1.621,-2.238,-2.193,-0.046,0.06,326821.662,6383835.133
101.1,-1.627,-2.448,-2.006,-0.039,0.086,313488.329,6412307.342
101.2,-1.624,-2.638,-1.793,-0.029,0.111,300154.996,6438092.99
101.3,-1.613,-2.806,-1.56,-0.017,0.137,286821.662,6460929.856
101.4,-1.595,-2.949,-1.3,-0.002,0.163,273530.181,6480426.689
101.5,-1.57,-3.065,-1.025,0.016,0.185,260884.146,6495739.967
101.6,-1.54,-3.154,-0.754,0.035,0.201,251015.789,6505301.691
101.7,-1.506,-3.216,-0.478,0.056,0.208,243858.903,6510568.785
101.8,-1.469,-3.25,-0.203,0.076,0.207,239230.119,6513015.082
101.9,-1.428,-3.256,0.082,0.097,0.198,234445.563,6513929.329
102.0,-1.385,-3.237,0.3,0.116,0.183,239530.112,6513932.484
102.1,-1.339,-3.195,0.522,0.133,0.163,242795.464,6514431.534
102.2,-1.29,-3.133,0.713,0.148,0.138,248282.641,6516999.95
102.3,-1.238,-3.054,0.872,0.161,0.111,255639.721,6522045.946
102.4,-1.184,-2.96,0.996,0.17,0.082,264520.975,6529594.138
102.5,-1.127,-2.856,1.085,0.177,0.052,274609.913,6539388.4
102.6,-1.067,-2.744,1.142,0.181,0.022,285546.822,6550900.312
102.7,-1.005,-2.628,1.171,0.181,-0.006,296998.714,6563499.076
102.8,-0.941,-2.511,1.176,0.179,-0.033,308719.907,6576615.758
102.9,-0.876,-2.394,1.161,0.175,-0.057,320456.896,6589689.022
103.0,-0.81,-2.279,1.138,0.168,-0.08,332023.074,6602320.647
103.1,-0.745,-2.167,1.109,0.159,-0.1,343366.297,6614397.152
103.2,-0.681,-2.057,1.076,0.148,-0.117,354413.402,6625779.109
103.3,-0.621,-1.951,1.042,0.136,-0.131,365116.152,6636405.302
103.4,-0.564,-1.849,1.008,0.122,-0.143,375489.234,6646314.771
103.5,-0.513,-1.75,0.974,0.107,-0.151,385521.636,6655523.079
103.6,-0.468,-1.654,0.941,0.092,-0.156,395210.241,6664052.577
103.7,-0.429,-1.562,0.906,0.076,-0.157,404570.255,6671936.041
103.8,-0.397,-1.473,0.869,0.061,-0.156,413577.111,6679160.311
103.9,-0.372,-1.388,0.832,0.045,-0.152,422209.714,6685720.869
104.0,-0.353,-1.306,0.799,0.03,-0.146,430480.41,6691668.732
104.1,-0.341,-1.228,0.767,0.016,-0.139,438422.649,6697085.352
104.2,-0.333,-1.153,0.736,0.003,-0.13,446038.352,6701997.241
104.3,-0.329,-1.081,0.705,-0.01,-0.12,453351.631,6706450.094
104.4,-0.327,-1.012,0.678,-0.021,-0.108,460365.744,6710477.731
104.5,-0.325,-0.945,0.655,-0.031,-0.093,467101.343,6714136.267
104.6,-0.324,-0.881,0.638,-0.04,-0.076,473626.063,6717518.633
104.7,-0.32,-0.817,0.626,-0.047,-0.059,479982.417,6720695.589
104.8,-0.314,-0.755,0.623,-0.052,-0.041,486218.661,6723748.657
104.9,-0.303,-0.693,0.624,-0.055,-0.022,492445.28,6726789.602
105.0,-0.288,-0.63,0.629,-0.056,-0.003,498687.514,6729860.486
105.1,-0.268,-0.567,0.637,-0.055,0.015,504970.812,6733000.578
105.2,-0.243,-0.503,0.648,-0.053,0.03,511358.206,6736269.881
105.3,-0.214,-0.437,0.66,-0.049,0.044,517849.992,6739680.452
105.4,-0.179,-0.371,0.673,-0.044,0.056,524442.913,6743241.486
105.5,-0.14,-0.303,0.687,-0.038,0.067,531191.384,6747002.731
105.6,-0.097,-0.233,0.703,-0.031,0.076,538081.054,6750964.582
105.7,-0.05,-0.162,0.721,-0.023,0.085,545105.633,6755139.767
105.8,0.0,-0.089,0.741,-0.014,0.093,552340.281,6759609.142
105.9,0.054,-0.014,0.765,-0.005,0.099,559782.346,6764400.268
106.0,0.112,0.064,0.795,0.006,0.104,567444.609,6769566.368
106.1,0.173,0.146,0.83,0.016,0.107,575439.885,6775257.14
106.2,0.239,0.23,0.87,0.027,0.108,583785.335,6781553.753
106.3,0.31,0.32,0.914,0.038,0.106,592505.691,6788548.827
106.4,0.386,0.413,0.963,0.048,0.103,601709.592,6796414.629
106.5,0.468,0.512,1.017,0.058,0.099,611404.591,6805258.478
106.6,0.557,0.617,1.078,0.068,0.093,621612.114,6815217.7
106.7,0.651,0.728,1.142,0.077,0.085,632479.049,6826577.215
106.8,0.752,0.845,1.207,0.085,0.077,643980.735,6839415.551
106.9,0.858,0.969,1.272,0.092,0.067,656081.247,6853782.021
107.0,0.969,1.1,1.332,0.098,0.057,668880.538,6869887.385
107.1,1.083,1.235,1.385,0.103,0.045,682215.328,6887553.647
107.2,1.198,1.376,1.433,0.107,0.033,695548.693,6905903.032
107.3,1.313,1.522,1.472,0.11,0.021,708882.027,6924840.26
107.4,1.425,1.67,1.497,0.112,0.008,722215.36,6944209.214
107.5,1.532,1.821,1.509,0.112,-0.005,735548.693,6963824.66
107.6,1.632,1.972,1.503,0.111,-0.018,748882.027,6983483.831
107.7,1.724,2.121,1.478,0.108,-0.031,762215.36,7002935.422
107.8,1.804,2.267,1.435,0.104,-0.043,775548.693,7021929.491
107.9,1.873,2.407,1.372,0.1,-0.055,788882.027,7040226.086
108.0,1.929,2.54,1.289,0.094,-0.065,802156.263,7057451.927
108.1,1.972,2.665,1.197,0.087,-0.074,814856.252,7072665.616
108.2,2.002,2.78,1.104,0.079,-0.081,826691.87,7085638.544
108.3,2.02,2.886,1.017,0.07,-0.085,837606.336,7096519.849
108.4,2.026,2.983,0.932,0.062,-0.088,847599.133,7105524.675
108.5,2.023,3.072,0.841,0.053,-0.088,856789.15,7112914.267
108.6,2.013,3.151,0.744,0.044,-0.086,865064.228,7118696.134
108.7,1.996,3.221,0.641,0.036,-0.082,872320.415,7122913.078
108.8,1.975,3.279,0.535,0.028,-0.077,878579.775,7125764.092
108.9,1.951,3.328,0.434,0.02,-0.071,883789.3,7127440.966
109.0,1.926,3.367,0.337,0.014,-0.064,887969.332,7128190.672
109.1,1.9,3.395,0.239,0.008,-0.056,891339.042,7128287.429
109.2,1.874,3.413,0.116,0.002,-0.047,896269.281,7128287.544
109.3,1.848,3.416,-0.029,-0.002,-0.039,902635.071,7128394.32
109.4,1.822,3.414,-0.018,-0.005,-0.031,890669.884,7128896.867
109.5,1.794,3.412,-0.021,-0.008,-0.024,879163.3,7129337.768
109.6,1.764,3.41,-0.027,-0.01,-0.017,866604.699,7129935.015
109.7,1.73,3.407,-0.043,-0.012,-0.012,853381.894,7130826.088
109.8,1.69,3.4,-0.096,-0.013,-0.008,842423.73,7132192.129
109.9,1.644,3.385,-0.21,-0.013,-0.006,836503.297,7133872.286
110.0,1.589,3.357,-0.363,-0.014,-0.004,833221.395,7135671.396
110.1,1.525,3.313,-0.521,-0.014,-0.004,829378.357,7138252.435
110.2,1.451,3.253,-0.673,-0.015,-0.005,823975.169,7142339.53
110.3,1.367,3.179,-0.814,-0.015,-0.007,817050.364,7148322.221
110.4,1.273,3.091,-0.943,-0.016,-0.009,808733.607,7156431.535
110.5,1.169,2.99,-1.06,-0.017,-0.012,799178.641,7166768.879
110.6,1.057,2.879,-1.164,-0.018,-0.015,788430.124,7179442.87
110.7,0.937,2.758,-1.254,-0.02,-0.019,776669.596,7194324.595
110.8,0.811,2.629,-1.333,-0.022,-0.022,764076.26,7211206.879
110.9,0.682,2.492,-1.402,-0.024,-0.024,750736.015,7229901.1
111.0,0.549,2.348,-1.468,-0.027,-0.026,737402.682,7249483.288
111.1,0.416,2.198,-1.533,-0.03,-0.027,724069.348,7269929.295
111.2,0.283,2.042,-1.596,-0.032,-0.028,710736.015,7291230.71
111.3,0.151,1.879,-1.657,-0.035,-0.028,697402.682,7313364.406
111.4,0.022,1.71,-1.722,-0.038,-0.028,684069.348,7336333.371
111.5,-0.105,1.535,-1.787,-0.041,-0.027,670736.015,7360167.817
111.6,-0.228,1.353,-1.853,-0.043,-0.026,657402.682,7384875.424
111.7,-0.348,1.164,-1.922,-0.046,-0.024,644069.348,7410479.544
111.8,-0.465,0.969,-1.988,-0.048,-0.022,630736.015,7436993.852
111.9,-0.578,0.767,-2.052,-0.05,-0.021,617402.682,7464370.022
112.0,-0.689,0.558,-2.118,-0.052,-0.021,604069.348,7492610.949
112.1,-0.796,0.343,-2.184,-0.054,-0.021,590736.015,7521740.735
112.2,-0.901,0.122,-2.248,-0.056,-0.019,577402.682,7551738.355
112.3,-1.003,-0.107,-2.32,-0.058,-0.014,564069.348,7582631.821
112.4,-1.1,-0.342,-2.383,-0.059,-0.01,550736.015,7614438.223
112.5,-1.194,-0.583,-2.438,-0.06,-0.005,537402.682,7647034.373
112.6,-1.281,-0.829,-2.482,-0.06,0.0,524069.348,7680298.203
112.7,-1.362,-1.079,-2.496,-0.06,0.007,510736.015,7713972.861
112.8,-1.436,-1.327,-2.474,-0.059,0.015,497402.682,7747601.918
112.9,-1.5,-1.572,-2.41,-0.057,0.025,484069.348,7780666.54
113.0,-1.554,-1.808,-2.306,-0.054,0.037,470736.015,7812577.833
113.1,-1.598,-2.033,-2.181,-0.05,0.05,457402.682,7842964.614
113.2,-1.629,-2.244,-2.036,-0.044,0.065,444069.348,7871532.021
113.3,-1.649,-2.439,-1.866,-0.037,0.082,430736.015,7898020.911
113.4,-1.657,-2.616,-1.673,-0.028,0.098,417402.682,7922089.279
113.5,-1.654,-2.773,-1.466,-0.017,0.114,404069.348,7943489.372
113.6,-1.641,-2.908,-1.232,-0.005,0.129,390851.864,7961821.242
113.7,-1.619,-3.019,-0.985,0.009,0.141,378849.962,7975798.501
113.8,-1.589,-3.106,-0.744,0.023,0.149,369337.858,7984802.042
113.9,-1.553,-3.168,-0.507,0.038,0.152,362217.845,7990105.454
114.0,-1.514,-3.207,-0.271,0.053,0.148,357416.031,7992855.349
114.1,-1.472,-3.222,-0.021,0.068,0.139,352161.625,7994344.231
114.2,-1.43,-3.213,0.194,0.081,0.126,352710.467,7994297.083
114.3,-1.388,-3.184,0.386,0.093,0.11,356062.636,7994364.793
114.4,-1.349,-3.137,0.56,0.103,0.091,360151.296,7995453.656
114.5,-1.311,-3.073,0.705,0.111,0.072,365957.791,7998304.831
114.6,-1.276,-2.997,0.817,0.117,0.053,373165.565,8002994.147
114.7,-1.244,-2.911,0.896,0.122,0.034,381437.911,8009310.516
114.8,-1.213,-2.819,0.945,0.124,0.016,390473.803,8016879.791
114.9,-1.184,-2.723,0.967,0.125,-0.0,399957.31,8025207.336
115.0,-1.154,-2.626,0.972,0.124,-0.015,409625.266,8033836.411
115.1,-1.123,-2.529,0.962,0.122,-0.028,419332.947,8042485.726
115.2,-1.09,-2.434,0.94,0.119,-0.039,428922.114,8050857.995
115.3,-1.053,-2.341,0.912,0.114,-0.048,438273.309,8058758.485
115.4,-1.013,-2.252,0.883,0.109,-0.054,447355.342,8066138.839
115.5,-0.968,-2.165,0.854,0.104,-0.058,456139.844,8072987.198
115.6,-0.918,-2.081,0.828,0.098,-0.06,464634.776,8079341.997
115.7,-0.864,-1.999,0.803,0.092,-0.059,472878.741,8085270.479
115.8,-0.807,-1.92,0.781,0.086,-0.058,480879.693,8090807.792
115.9,-0.747,-1.843,0.76,0.08,-0.056,488652.56,8095991.477
116.0,-0.686,-1.768,0.741,0.075,-0.053,496228.815,8100867.766
116.1,-0.625,-1.695,0.722,0.07,-0.05,503611.129,8105454.679
116.2,-0.565,-1.623,0.705,0.065,-0.047,510804.671,8109770.417
116.3,-0.509,-1.554,0.688,0.06,-0.045,517831.881,8113843.617
116.4,-0.457,-1.486,0.672,0.056,-0.043,524689.719,8117680.907
116.5,-0.411,-1.419,0.656,0.052,-0.041,531377.545,8121290.788
116.6,-0.37,-1.354,0.644,0.048,-0.039,537917.937,8124706.941
116.7,-0.336,-1.29,0.634,0.044,-0.037,544342.543,8127978.095
116.8,-0.308,-1.228,0.625,0.04,-0.036,550663.748,8131122.112
116.9,-0.286,-1.165,0.618,0.037,-0.035,556905.459,8134163.201
117.0,-0.268,-1.104,0.611,0.033,-0.032,563071.344,8137112.809
117.1,-0.255,-1.043,0.608,0.03,-0.029,569172.814,8139992.133
117.2,-0.243,-0.982,0.608,0.028,-0.024,575252.859,8142847.687
117.3,-0.233,-0.921,0.612,0.025,-0.019,581337.742,8145718.409
117.4,-0.221,-0.86,0.62,0.024,-0.014,587459.758,8148649.354
117.5,-0.207,-0.797,0.631,0.023,-0.009,593675.033,8151697.973
117.6,-0.19,-0.733,0.642,0.022,-0.004,599995.898,8154884.638
117.7,-0.168,-0.669,0.654,0.022,0.001,606419.969,8158211.814
117.8,-0.141,-0.603,0.667,0.022,0.007,612970.352,8161706.946
117.9,-0.109,-0.535,0.68,0.023,0.014,619658.278,8165382.527
118.0,-0.071,-0.467,0.691,0.025,0.021,626454.589,8169213.464
118.1,-0.028,-0.397,0.701,0.027,0.026,633377.108,8173206.929
118.2,0.019,-0.327,0.709,0.03,0.03,640393.906,8177331.597
118.3,0.069,-0.255,0.717,0.033,0.032,647477.878,8181562.535
118.4,0.121,-0.183,0.724,0.037,0.033,654657.777,8185918.617
118.5,0.174,-0.111,0.731,0.04,0.032,661907.224,8190375.863
118.6,0.225,-0.037,0.738,0.043,0.03,669203.935,8194916.877
118.7,0.275,0.037,0.744,0.046,0.026,676586.636,8199571.856
118.8,0.322,0.112,0.749,0.048,0.021,684030.757,8204317.299
118.9,0.365,0.187,0.754,0.05,0.014,691507.315,8209126.936
119.0,0.403,0.262,0.758,0.051,0.006,699051.789,8214022.017
119.1,0.436,0.338,0.758,0.051,-0.004,706627.718,8218956.832
119.2,0.462,0.414,0.757,0.05,-0.015,714180.836,8223869.851
119.3,0.483,0.489,0.75,0.048,-0.028,721731.217,8228752.771
119.4,0.498,0.564,0.735,0.045,-0.04,729200.01,8233489.765
119.5,0.508,0.636,0.716,0.04,-0.05,736491.287,8237966.782
119.6,0.512,0.707,0.691,0.034,-0.06,743612.393,8242160.667
119.7,0.511,0.774,0.659,0.028,-0.067,750474.036,8245970.022
119.8,0.505,0.838,0.621,0.021,-0.072,756978.446,8249303.358
119.9,0.495,0.898,0.577,0.014,-0.075,763128.728,8252153.442
120.0,0.481,0.954,0.527,0.006,-0.076,768826.741,8254457.471
120.1,0.463,1.004,0.472,-0.001,-0.074,773993.576,8256188.284
120.2,0.441,1.048,0.413,-0.009,-0.07,778631.41,8257383.34
120.3,0.416,1.086,0.351,-0.015,-0.065,782673.301,8258062.654
120.4,0.388,1.118,0.286,-0.021,-0.058,786095.074,8258280.593
120.5,0.357,1.143,0.212,-0.027,-0.05,789601.973,8258279.277
120.6,0.323,1.16,0.118,-0.031,-0.041,794818.939,8258279.277
120.7,0.287,1.165,-0.003,-0.035,-0.032,802538.667,8258278.151
120.8,0.25,1.162,-0.05,-0.038,-0.024,800714.375,8258427.755
120.9,0.212,1.159,-0.009,-0.04,-0.015,787665.805,8259194.23
121.0,0.173,1.157,-0.018,-0.041,-0.007,780406.674,8259845.26
121.1,0.134,1.156,-0.014,-0.041,0.0,770760.213,8260245.989
121.2,0.097,1.154,-0.015,-0.041,0.008,761055.507,8260624.085
121.3,0.062,1.153,-0.017,-0.04,0.015,750637.406,8260958.674
121.4,0.03,1.151,-0.019,-0.038,0.021,739550.017,8261354.311
121.5,0.001,1.149,-0.021,-0.036,0.026,727850.917,8261817.488
121.6,-0.023,1.147,-0.024,-0.033,0.03,715539.759,8262366.417
121.7,-0.041,1.144,-0.028,-0.03,0.033,702631.525,8263036.942
121.8,-0.055,1.141,-0.037,-0.026,0.035,689345.446,8263893.11
121.9,-0.062,1.136,-0.058,-0.022,0.037,676719.486,8265045.889
122.0,-0.063,1.128,-0.112,-0.019,0.037,667281.404,8266551.193
122.1,-0.059,1.113,-0.2,-0.015,0.036,661646.915,8268243.208
122.2,-0.048,1.087,-0.304,-0.011,0.036,658111.276,8269993.172
122.3,-0.033,1.052,-0.404,-0.008,0.036,654952.932,8271995.402
122.4,-0.013,1.007,-0.484,-0.004,0.037,650803.556,8274712.384
122.5,0.011,0.956,-0.548,-0.0,0.039,645895.808,8278110.131
122.6,0.039,0.899,-0.59,0.003,0.04,640356.736,8282120.513
122.7,0.068,0.838,-0.613,0.008,0.041,634421.414,8286543.075
122.8,0.1,0.777,-0.619,0.012,0.041,628314.175,8291151.262
122.9,0.132,0.715,-0.609,0.016,0.04,622134.813,8295791.887
123.0,0.164,0.655,-0.587,0.02,0.039,616073.154,8300265.14
123.1,0.196,0.598,-0.553,0.023,0.036,610279.015,8304418.605
123.2,0.226,0.545,-0.51,0.027,0.032,604803.428,8308185.825
123.3,0.255,0.496,-0.461,0.03,0.027,599769.968,8311490.202
123.4,0.281,0.453,-0.407,0.032,0.02,595260.176,8314312.403
123.5,0.305,0.415,-0.35,0.034,0.013,591269.447,8316694.279
123.6,0.326,0.383,-0.291,0.035,0.005,587839.534,8318670.663
123.7,0.343,0.357,-0.229,0.035,-0.004,584478.84,8320418.109
123.8,0.357,0.337,-0.153,0.034,-0.012,579946.119,8322142.211
123.9,0.368,0.327,-0.049,0.032,-0.02,571926.932,8323720.208
124.0,0.375,0.326,0.007,0.03,-0.028,570466.687,8323795.158
124.1,0.378,0.328,0.018,0.027,-0.034,575322.964,8323798.1
124.2,0.379,0.329,0.008,0.023,-0.039,583284.683,8323794.836
124.3,0.377,0.331,0.021,0.019,-0.043,588349.345,8323788.905
124.4,0.372,0.332,0.022,0.015,-0.045,595197.895,8323784.015
124.5,0.366,0.334,0.025,0.01,-0.045,602249.77,8323784.059
124.6,0.358,0.336,0.021,0.006,-0.043,610656.296,8323782.949
124.7,0.349,0.337,0.008,0.002,-0.04,620579.628,8323782.045
124.8,0.34,0.339,0.018,-0.002,-0.036,627713.505,8323782.059
124.9,0.332,0.341,0.031,-0.006,-0.031,634706.459,8323782.06
125.0,0.324,0.343,0.009,-0.008,-0.026,646394.249,8323782.06
125.1,0.318,0.345,0.02,-0.011,-0.02,653730.165,8323782.06
125.2,0.313,0.347,0.031,-0.013,-0.015,661039.472,8323782.06
125.3,0.311,0.349,0.008,-0.014,-0.009,672513.109,8323782.074
125.4,0.31,0.351,0.017,-0.014,-0.004,679653.025,8323782.09
125.5,0.311,0.353,0.028,-0.014,0.001,686307.738,8323782.229
125.6,0.313,0.355,0.02,-0.014,0.005,694992.947,8323779.215
125.7,0.316,0.356,0.019,-0.013,0.009,702492.417,8323774.228
125.8,0.319,0.358,0.023,-0.012,0.012,709236.086,8323772.166
125.9,0.322,0.359,0.008,-0.011,0.015,718017.745,8323768.122
126.0,0.324,0.361,0.019,-0.009,0.016,723037.462,8323756.748
126.1,0.324,0.363,0.007,-0.008,0.017,731136.874,8323745.942
126.2,0.321,0.364,0.018,-0.006,0.018,736055.421,8323746.28
126.3,0.316,0.366,0.008,-0.004,0.017,743832.876,8323742.11
126.4,0.308,0.367,0.019,-0.003,0.016,748667.273,8323742.351
126.5,0.298,0.369,0.007,-0.001,0.015,756577.293,8323738.696
126.6,0.285,0.37,0.019,0.0,0.013,761507.518,8323726.164
126.7,0.27,0.372,0.021,0.002,0.011,767900.635,8323715.865
126.8,0.254,0.373,0.008,0.003,0.009,776275.591,8323702.816
126.9,0.239,0.375,0.02,0.003,0.006,781208.892,8323692.344
127.0,0.224,0.376,0.02,0.004,0.004,787646.392,8323683.722
127.1,0.211,0.378,0.02,0.004,0.002,793874.326,8323658.89
127.2,0.202,0.38,0.021,0.004,-0.0,799863.985,8323655.188
127.3,0.197,0.381,0.019,0.004,-0.002,805756.308,8323650.81
127.4,0.196,0.383,0.018,0.004,-0.004,811376.271,8323634.497
127.5,0.2,0.384,0.016,0.003,-0.005,816642.443,8323608.478
127.6,0.208,0.386,0.014,0.003,-0.007,821501.599,8323615.97
127.7,0.22,0.387,0.005,0.002,-0.008,826944.284,8323588.223
127.8,0.236,0.388,0.016,0.001,-0.01,829285.361,8323564.257
127.9,0.254,0.39,0.011,-0.0,-0.012,833306.127,8323564.261
128.0,0.271,0.39,0.008,-0.001,-0.014,833990.302,8323564.261
128.1,0.288,0.39,0.007,-0.003,-0.017,833990.302,8323564.261
128.2,0.301,0.39,0.007,-0.005,-0.02,833990.302,8323564.261
128.3,0.309,0.39,0.007,-0.007,-0.023,833990.302,8323564.261
128.4,0.31,0.39,0.006,-0.009,-0.026,833990.302,8323564.261
128.5,0.303,0.39,0.006,-0.012,-0.029,833990.302,8323564.261
128.6,0.288,0.39,0.006,-0.015,-0.031,833990.302,8323564.261
128.7,0.264,0.39,0.006,-0.018,-0.033,833990.302,8323564.261
128.8,0.231,0.39,0.005,-0.022,-0.034,833990.302,8323564.261
128.9,0.189,0.39,0.005,-0.025,-0.033,833990.302,8323564.261
129.0,0.142,0.39,0.005,-0.028,-0.032,833990.302,8323564.261
129.1,0.089,0.39,0.005,-0.031,-0.028,833990.302,8323564.261
129.2,0.033,0.39,0.004,-0.034,-0.024,833990.302,8323564.261
129.3,-0.022,0.39,0.004,-0.036,-0.017,833990.302,8323564.261
129.4,-0.075,0.39,0.004,-0.037,-0.01,833990.302,8323564.261
129.5,-0.122,0.39,0.004,-0.038,-0.001,833990.302,8323564.261
129.6,-0.161,0.39,0.004,-0.037,0.009,833990.302,8323564.261
129.7,-0.191,0.39,0.003,-0.036,0.02,833990.302,8323564.261
129.8,-0.208,0.39,0.003,-0.033,0.032,833990.302,8323564.261
129.9,-0.212,0.39,0.003,-0.03,0.044,833990.302,8323564.261
130.0,-0.202,0.39,0.003,-0.025,0.056,833990.302,8323564.261
130.1,-0.177,0.39,0.003,-0.018,0.068,833990.302,8323564.261
130.2,-0.14,0.39,0.003,-0.011,0.079,833990.302,8323564.261
130.3,-0.089,0.39,0.002,-0.003,0.09,833990.302,8323564.261
130.4,-0.028,0.39,0.002,0.007,0.101,833990.302,8323564.261
130.5,0.042,0.39,0.002,0.017,0.109,833990.302,8323564.261
130.6,0.118,0.39,0.002,0.029,0.116,833990.302,8323564.261
130.7,0.198,0.39,0.002,0.041,0.12,833990.302,8323564.261
130.8,0.279,0.39,0.002,0.053,0.121,833990.302,8323564.261
130.9,0.36,0.39,0.002,0.065,0.118,833990.302,8323564.261
131.0,0.436,0.39,-0.0,0.076,0.11,833990.345,8323564.348
131.1,0.507,0.39,0.007,0.087,0.099,836478.185,8323541.537
131.2,0.571,0.393,0.03,0.096,0.082,838411.551,8323528.285
131.3,0.626,0.394,0.008,0.103,0.06,847829.763,8323527.007
131.4,0.672,0.396,0.009,0.108,0.034,855247.661,8323527.007
131.5,0.707,0.398,0.018,0.109,0.005,862494.151,8323527.007
131.6,0.731,0.399,0.01,0.108,-0.026,872962.17,8323527.007
131.7,0.744,0.401,0.014,0.104,-0.056,882319.66,8323527.007
131.8,0.747,0.402,0.016,0.097,-0.085,892520.051,8323527.007
131.9,0.739,0.404,0.017,0.088,-0.11,903250.34,8323527.007
132.0,0.721,0.406,0.017,0.075,-0.13,914170.812,8323527.007
132.1,0.694,0.407,0.017,0.062,-0.146,925070.948,8323527.007
132.2,0.659,0.409,0.016,0.046,-0.156,935730.245,8323527.007
132.3,0.615,0.411,0.015,0.031,-0.161,945907.855,8323527.007
132.4,0.565,0.412,0.013,0.015,-0.161,955377.783,8323527.007
132.5,0.508,0.413,0.011,-0.001,-0.156,963880.273,8323527.007
132.6,0.445,0.415,0.021,-0.017,-0.146,969442.595,8323526.659
132.7,0.377,0.416,0.017,-0.03,-0.132,975335.529,8323524.13
132.8,0.305,0.417,0.01,-0.043,-0.116,979905.863,8323763.834
132.9,0.23,0.42,0.024,-0.054,-0.098,979688.509,8323874.03
133.0,0.152,0.42,-0.004,-0.062,-0.078,983430.23,8323873.514
133.1,0.073,0.42,-0.017,-0.069,-0.059,983779.529,8323861.417
133.2,-0.007,0.419,-0.019,-0.074,-0.04,978757.989,8323848.399
133.3,-0.086,0.417,-0.032,-0.077,-0.022,972387.33,8324213.852
133.4,-0.164,0.414,-0.021,-0.079,-0.006,960220.117,8324946.696
133.5,-0.24,0.412,-0.029,-0.079,0.008,947611.595,8325558.628
133.6,-0.313,0.408,-0.059,-0.077,0.019,934749.629,8326607.941
133.7,-0.383,0.398,-0.145,-0.075,0.028,926240.186,8328164.63
133.8,-0.45,0.377,-0.286,-0.072,0.034,922015.239,8329894.769
133.9,-0.513,0.34,-0.453,-0.068,0.038,918939.151,8331920.072
134.0,-0.573,0.286,-0.619,-0.064,0.039,914179.346,8335341.128
134.1,-0.63,0.217,-0.779,-0.061,0.037,907768.036,8340668.909
134.2,-0.684,0.131,-0.932,-0.057,0.034,899759.597,8348333.823
134.3,-0.737,0.031,-1.073,-0.054,0.029,890241.605,8358645.029
134.4,-0.788,-0.083,-1.202,-0.051,0.023,879328.388,8371770.802
134.5,-0.84,-0.209,-1.316,-0.049,0.017,867150.724,8387736.134
134.6,-0.892,-0.346,-1.417,-0.048,0.01,853939.077,8406298.78
134.7,-0.945,-0.492,-1.508,-0.047,0.002,840604.531,8426257.884
134.8,-0.999,-0.647,-1.587,-0.047,-0.005,827271.197,8447348.582
134.9,-1.056,-0.809,-1.65,-0.048,-0.013,813937.864,8469385.577
135.0,-1.114,-0.976,-1.694,-0.05,-0.019,800604.531,8492142.908
135.1,-1.174,-1.147,-1.717,-0.052,-0.025,787271.197,8515353.794
135.2,-1.234,-1.319,-1.71,-0.055,-0.029,773937.864,8538675.139
135.3,-1.295,-1.488,-1.681,-0.058,-0.035,760604.531,8561749.267
135.4,-1.355,-1.654,-1.631,-0.062,-0.039,747271.197,8584298.871
135.5,-1.412,-1.814,-1.559,-0.066,-0.04,733937.864,8606029.373
135.6,-1.466,-1.965,-1.467,-0.07,-0.037,720604.531,8626658.561
135.7,-1.515,-2.107,-1.363,-0.073,-0.03,707271.197,8645991.875
135.8,-1.558,-2.237,-1.241,-0.075,-0.018,694042.317,8663700.088
135.9,-1.594,-2.355,-1.109,-0.076,-0.003,681807.632,8678714.598
136.0,-1.622,-2.459,-0.972,-0.076,0.016,670904.457,8690774.364
136.1,-1.64,-2.549,-0.831,-0.073,0.036,661379.233,8700130.441
136.2,-1.648,-2.625,-0.689,-0.069,0.057,653262.288,8707109.908
136.3,-1.647,-2.687,-0.55,-0.062,0.079,646563.205,8712096.991
136.4,-1.635,-2.735,-0.412,-0.053,0.102,641254.269,8715512.315
136.5,-1.613,-2.769,-0.274,-0.041,0.124,637276.259,8717753.224
136.6,-1.582,-2.79,-0.126,-0.028,0.145,632838.679,8719474.704
136.7,-1.541,-2.794,0.03,-0.013,0.163,628135.745,8720194.98
136.8,-1.493,-2.788,0.082,0.004,0.178,640065.617,8720199.555
136.9,-1.437,-2.776,0.172,0.023,0.189,646957.986,8720199.555
137.0,-1.374,-2.753,0.284,0.042,0.196,650868.683,8720199.555
137.1,-1.305,-2.719,0.404,0.062,0.199,653880.038,8720366.092
137.2,-1.232,-2.673,0.514,0.082,0.198,658072.218,8721432.011
137.3,-1.154,-2.616,0.614,0.101,0.193,663352.05,8723564.798
137.4,-1.073,-2.55,0.702,0.12,0.183,669612.797,8726855.489
137.5,-0.989,-2.476,0.78,0.138,0.17,676745.084,8731330.106
137.6,-0.902,-2.395,0.848,0.154,0.154,684642.913,8736965.235
137.7,-0.813,-2.307,0.907,0.169,0.135,693207.717,8743702.947
137.8,-0.723,-2.214,0.958,0.181,0.115,702348.654,8751463.735
137.9,-0.632,-2.116,1.004,0.191,0.093,711994.52,8760179.485
138.0,-0.539,-2.013,1.045,0.2,0.071,722089.816,8769787.836
138.1,-0.447,-1.907,1.082,0.206,0.049,732588.492,8780235.309
138.2,-0.354,-1.797,1.117,0.209,0.026,743457.653,8791486.044
138.3,-0.262,-1.683,1.151,0.211,0.005,754675.04,8803521.274
138.4,-0.171,-1.567,1.183,0.21,-0.016,766227.287,8816337.583
138.5,-0.081,-1.447,1.216,0.208,-0.036,778106.85,8829941.895
138.6,0.007,-1.324,1.247,0.203,-0.055,790307.111,8844342.693
138.7,0.093,-1.197,1.278,0.197,-0.072,802821.568,8859545.274
138.8,0.177,-1.068,1.307,0.189,-0.087,815639.885,8875543.823
138.9,0.257,-0.936,1.333,0.179,-0.101,828742.342,8892317.925
139.0,0.334,-0.802,1.358,0.169,-0.112,842077.834,8909817.774
139.1,0.406,-0.665,1.382,0.157,-0.121,855411.167,8927635.418
139.2,0.474,-0.525,1.405,0.145,-0.128,868744.5,8945766.756
139.3,0.538,-0.383,1.437,0.132,-0.133,882077.834,8964272.189
139.4,0.596,-0.238,1.47,0.118,-0.137,895411.167,8983208.279
139.5,0.649,-0.089,1.501,0.104,-0.137,908744.5,9002568.413
139.6,0.696,0.062,1.533,0.091,-0.136,922077.834,9022348.918
139.7,0.738,0.217,1.563,0.077,-0.134,935411.167,9042546.73
139.8,0.773,0.375,1.598,0.064,-0.131,948744.5,9063175.317
139.9,0.803,0.536,1.624,0.051,-0.126,962077.834,9084222.199
140.0,0.826,0.7,1.636,0.039,-0.117,975411.167,9105533.135
140.1,0.843,0.863,1.626,0.028,-0.106,988744.5,9126869.764
140.2,0.854,1.024,1.585,0.018,-0.096,1002077.834,9147857.941
140.3,0.859,1.179,1.52,0.009,-0.085,1015411.167,9168136.379
140.4,0.858,1.327,1.43,0.001,-0.075,1028744.5,9187381.832
140.5,0.851,1.464,1.317,-0.006,-0.064,1042058.281,9205235.137
140.6,0.84,1.59,1.19,-0.012,-0.052,1055071.877,9221038.618
140.7,0.825,1.702,1.053,-0.017,-0.041,1066786.733,9233549.689
140.8,0.807,1.8,0.905,-0.02,-0.031,1077115.098,9242958.544
140.9,0.785,1.883,0.756,-0.023,-0.022,1085957.923,9249541.674
141.0,0.763,1.951,0.608,-0.025,-0.014,1093312.475,9253753.288
141.1,0.739,2.005,0.465,-0.026,-0.006,1099187.278,9256067.65
141.2,0.717,2.045,0.333,-0.026,0.0,1103648.78,9256989.344
141.3,0.695,2.072,0.212,-0.026,0.006,1107103.263,9257049.276
141.4,0.676,2.087,0.07,-0.025,0.011,1113329.203,9257049.276
141.5,0.66,2.087,-0.029,-0.024,0.015,1115132.866,9257167.646
141.6,0.648,2.085,-0.009,-0.022,0.018,1104213.006,9257551.708
141.7,0.64,2.083,-0.018,-0.02,0.021,1097268.076,9258201.214
141.8,0.636,2.081,-0.014,-0.018,0.023,1089208.054,9258454.369
141.9,0.636,2.079,-0.014,-0.016,0.024,1081489.384,9258760.165
142.0,0.64,2.078,-0.016,-0.013,0.025,1073542.023,9259091.975
142.1,0.647,2.076,-0.018,-0.011,0.026,1065094.111,9259478.943
142.2,0.657,2.074,-0.017,-0.008,0.026,1055256.503,9259901.898
142.3,0.669,2.072,-0.017,-0.005,0.026,1044639.734,9260359.35
142.4,0.682,2.071,-0.021,-0.003,0.025,1033183.415,9260795.259
142.5,0.694,2.068,-0.026,-0.0,0.023,1020684.286,9261379.59
142.6,0.705,2.065,-0.036,0.002,0.02,1007460.93,9262187.931
142.7,0.714,2.061,-0.061,0.004,0.017,994905.293,9263347.098
142.8,0.72,2.052,-0.126,0.005,0.012,986053.427,9264889.124
142.9,0.722,2.034,-0.228,0.006,0.008,981031.347,9266599.436
143.0,0.72,2.006,-0.343,0.006,0.003,977820.436,9268384.399
143.1,0.713,1.966,-0.45,0.006,-0.003,974240.991,9270686.313
143.2,0.701,1.916,-0.538,0.006,-0.008,969613.517,9273842.649
143.3,0.686,1.859,-0.605,0.005,-0.012,964136.631,9277832.349
143.4,0.665,1.796,-0.652,0.004,-0.016,958014.442,9282529.921
143.5,0.641,1.729,-0.678,0.002,-0.019,951453.791,9287735.194
143.6,0.614,1.661,-0.687,-0.0,-0.021,944653.399,9293213.033
143.7,0.584,1.592,-0.68,-0.002,-0.024,937792.185,9298733.603
143.8,0.551,1.525,-0.663,-0.005,-0.025,931017.223,9304114.514
143.9,0.518,1.46,-0.638,-0.008,-0.026,924418.094,9309243.978
144.0,0.483,1.398,-0.608,-0.01,-0.027,918074.787,9314036.18
144.1,0.448,1.338,-0.576,-0.013,-0.026,912035.663,9318454.602
144.2,0.414,1.282,-0.544,-0.015,-0.024,906318.842,9322503.274
144.3,0.38,1.23,-0.515,-0.018,-0.021,900916.478,9326215.127
144.4,0.348,1.179,-0.49,-0.02,-0.018,895799.756,9329640.773
144.5,0.316,1.131,-0.471,-0.021,-0.013,890924.876,9332839.684
144.6,0.287,1.085,-0.457,-0.022,-0.009,886235.926,9335874.415
144.7,0.26,1.04,-0.45,-0.023,-0.004,881672.921,9338804.402
144.8,0.234,0.995,-0.448,-0.023,0.001,877177.719,9341683.201
144.9,0.211,0.95,-0.45,-0.023,0.006,872696.247,9344557.444
145.0,0.191,0.905,-0.456,-0.022,0.011,868184.583,9347464.083
145.1,0.172,0.859,-0.464,-0.02,0.015,863611.978,9350429.286
145.2,0.156,0.812,-0.472,-0.019,0.018,858960.118,9353468.115
145.3,0.143,0.764,-0.48,-0.017,0.021,854225.649,9356582.446
145.4,0.131,0.716,-0.485,-0.015,0.023,849419.757,9359760.867
145.5,0.122,0.667,-0.487,-0.012,0.025,844565.538,9362980.044
145.6,0.115,0.619,-0.485,-0.01,0.025,839696.361,9366206.877
145.7,0.11,0.57,-0.48,-0.007,0.025,834851.121,9369403.584
145.8,0.106,0.523,-0.472,-0.005,0.024,830064.422,9372541.727
145.9,0.103,0.476,-0.463,-0.002,0.022,825354.32,9375605.409
146.0,0.1,0.43,-0.453,-0.0,0.02,820737.33,9378581.242
146.1,0.098,0.385,-0.441,0.002,0.017,816227.706,9381458.758
146.2,0.096,0.342,-0.428,0.003,0.013,811837.48,9384230.268
146.3,0.092,0.3,-0.414,0.004,0.009,807576.71,9386890.509
146.4,0.087,0.259,-0.4,0.003,-0.022,803453.884,9389436.195
146.5,0.081,0.22,-0.385,0.0,-0.042,799476.261,9391865.632
146.6,0.073,0.182,-0.369,-0.005,-0.051,795650.151,9394178.401
146.7,0.063,0.146,-0.353,-0.01,-0.053,791981.127,9396375.206
146.8,0.05,0.112,-0.337,-0.015,-0.049,788473.825,9398457.913
146.9,0.036,0.079,-0.32,-0.02,-0.042,785131.691,9400429.646
147.0,0.02,0.048,-0.303,-0.023,-0.034,781956.565,9402294.891
147.1,0.003,0.018,-0.286,-0.026,-0.027,778926.833,9404065.507
147.2,-0.015,-0.01,-0.268,-0.029,-0.02,775767.936,9405817.974
147.3,-0.034,-0.035,-0.247,-0.03,-0.015,772372.1,9407566.422
147.4,-0.053,-0.059,-0.223,-0.032,-0.012,768663.086,9409309.086
147.5,-0.071,-0.08,-0.198,-0.033,-0.01,764544.654,9411043.344
147.6,-0.089,-0.098,-0.17,-0.034,-0.01,759870.014,9412764.591
147.7,-0.105,-0.114,-0.139,-0.035,-0.01,754378.184,9414463.181
147.8,-0.12,-0.126,-0.1,-0.036,-0.01,747487.924,9416111.834
147.9,-0.132,-0.133,-0.041,-0.037,-0.008,737330.529,9417549.757
148.0,-0.143,-0.134,-0.015,-0.037,-0.004,732351.965,9417808.236
148.1,-0.152,-0.136,-0.006,-0.037,0.002,727808.344,9418188.618
148.2,-0.159,-0.136,-0.006,-0.037,0.009,723966.965,9418220.721
148.3,-0.164,-0.137,-0.006,-0.036,0.019,719797.199,9418266.5
148.4,-0.168,-0.138,-0.007,-0.033,0.03,715266.05,9418329.916
148.5,-0.17,-0.139,-0.019,-0.03,0.042,711942.651,9418416.018
148.6,-0.171,-0.144,-0.061,-0.025,0.055,712584.862,9418543.555
148.7,-0.171,-0.147,-0.006,-0.018,0.069,700098.718,9419394.397
148.8,-0.171,-0.148,-0.019,-0.011,0.081,696629.216,9419493.852
148.9,-0.17,-0.153,-0.061,-0.002,0.091,697269.399,9419620.047
149.0,-0.168,-0.156,-0.019,0.007,0.099,686728.74,9420446.828
149.1,-0.166,-0.157,-0.015,0.017,0.103,681518.321,9420647.825
149.2,-0.163,-0.159,-0.014,0.028,0.103,676829.749,9420763.49
149.3,-0.16,-0.16,-0.006,0.038,0.099,671411.28,9420834.087
149.4,-0.155,-0.161,-0.02,0.047,0.089,669327.015,9420928.824
149.5,-0.15,-0.162,-0.016,0.056,0.075,664868.098,9421103.641
149.6,-0.144,-0.166,-0.047,0.062,0.055,665344.615,9421220.238
149.7,-0.137,-0.168,-0.011,0.066,0.031,656982.772,9421696.052
149.8,-0.129,-0.171,-0.039,0.068,0.003,657430.773,9421796.881
149.9,-0.12,-0.173,-0.017,0.067,-0.029,651259.572,9422136.902
150.0,-0.11,-0.177,-0.041,0.062,-0.061,651627.887,9422249.589
150.1,-0.1,-0.178,-0.009,0.055,-0.093,646270.655,9422528.252
150.2,-0.09,-0.178,-0.009,0.044,-0.122,646270.655,9422528.252
150.3,-0.079,-0.178,-0.008,0.031,-0.145,646270.655,9422528.252
150.4,-0.069,-0.178,-0.008,0.015,-0.16,646270.655,9422528.252
150.5,-0.059,-0.178,-0.008,-0.001,-0.168,646270.655,9422528.252
150.6,-0.051,-0.178,-0.007,-0.018,-0.166,646270.655,9422528.252
150.7,-0.043,-0.178,-0.007,-0.034,-0.154,646270.655,9422528.252
150.8,-0.036,-0.178,-0.007,-0.049,-0.134,646270.655,9422528.252
150.9,-0.03,-0.178,-0.006,-0.061,-0.105,646270.655,9422528.252
151.0,-0.026,-0.178,-0.006,-0.069,-0.071,646270.655,9422528.252
151.1,-0.022,-0.178,-0.006,-0.075,-0.032,646270.655,9422528.252
151.2,-0.019,-0.178,-0.005,-0.076,0.008,646270.655,9422528.252
151.3,-0.017,-0.178,-0.005,-0.073,0.049,646270.655,9422528.252
151.4,-0.016,-0.178,-0.005,-0.066,0.087,646270.655,9422528.252
151.5,-0.014,-0.178,-0.005,-0.056,0.122,646270.655,9422528.252
151.6,-0.013,-0.178,-0.004,-0.042,0.153,646270.655,9422528.252
151.7,-0.011,-0.178,-0.004,-0.025,0.177,646270.655,9422528.252
151.8,-0.01,-0.178,-0.004,-0.007,0.193,646270.655,9422528.252
151.9,-0.008,-0.178,-0.004,0.013,0.202,646270.655,9422528.252
152.0,-0.005,-0.178,-0.004,0.033,0.202,646270.655,9422528.252
152.1,-0.003,-0.178,-0.003,0.053,0.193,646270.655,9422528.252
152.2,-0.001,-0.178,-0.012,0.072,0.175,648559.134,9422528.478
152.3,0.002,-0.179,-0.0,0.088,0.148,650202.025,9422554.08
152.4,0.004,-0.178,0.006,0.101,0.113,652940.771,9422553.886
152.5,0.006,-0.177,0.006,0.11,0.072,656633.919,9422553.886
152.6,0.007,-0.177,0.006,0.115,0.025,660466.074,9422553.886
152.7,0.007,-0.176,0.006,0.115,-0.026,664375.458,9422553.886
152.8,0.007,-0.175,0.006,0.11,-0.075,668302.608,9422553.886
152.9,0.007,-0.174,0.006,0.1,-0.122,672182.1,9422553.886
153.0,0.006,-0.173,0.006,0.086,-0.166,675961.458,9422553.886
153.1,0.004,-0.173,0.006,0.067,-0.205,679597.753,9422553.886
153.2,0.003,-0.172,0.005,0.045,-0.239,683061.673,9422553.886
153.3,0.001,-0.171,0.005,0.02,-0.264,686340.162,9422553.886
153.4,-0.001,-0.171,0.003,-0.008,-0.28,688484.512,9422553.886
153.5,-0.002,-0.171,0.003,-0.036,-0.285,688484.512,9422553.886
153.6,-0.003,-0.171,0.003,-0.064,-0.277,688484.512,9422553.886
153.7,-0.003,-0.171,0.003,-0.091,-0.255,688484.512,9422553.886
153.8,-0.003,-0.171,0.003,-0.115,-0.219,688484.512,9422553.886
153.9,-0.002,-0.171,0.002,-0.134,-0.17,688484.512,9422553.886
154.0,-0.001,-0.171,0.002,-0.148,-0.111,688484.512,9422553.886
154.1,0.001,-0.171,0.007,-0.156,-0.043,688733.362,9422553.948
154.2,0.002,-0.17,0.006,-0.157,0.03,692081.438,9422553.887
154.3,0.004,-0.169,0.005,-0.15,0.105,695600.18,9422553.887
154.4,0.005,-0.169,0.006,-0.136,0.177,699070.513,9422553.887
154.5,0.007,-0.168,0.006,-0.115,0.241,702622.528,9422553.887
154.6,0.007,-0.167,0.006,-0.088,0.294,706249.039,9422553.887
154.7,0.007,-0.166,0.006,-0.057,0.331,709923.718,9422553.887
154.8,0.007,-0.166,0.006,-0.022,0.349,713615.029,9422553.887
154.9,0.006,-0.165,0.006,0.013,0.352,717295.311,9422553.887
155.0,0.005,-0.164,0.006,0.048,0.343,720934.711,9422553.887
155.1,0.003,-0.163,0.005,0.081,0.322,724500.625,9422553.887
